Exposure	Outcome	ivw_Estimate	ivw_Pvalue	ivw_CILower	Pearson_E	Pearson_P
ESYT2pS693	ELF1	1.84854697	3.28E-08	1.192848862	0.718551408	0.019223991
ESYT2pS693	PIK3CG	-1.614450628	1.99E-08	-2.178159329	-0.71741743	0.045132394
ESYT2pS693	PLIN2	1.24225774	2.87E-05	0.660278467	0.490142136	0.045787458
RABEP1pS407	CCDC82	-4.186816355	6.42E-06	-6.005505159	-0.545489068	0.128743864
RABEP1pS407	KCTD15	6.527960273	2.36E-09	4.385061152	0.70496473	0.033922764
RABEP1pS407	MFSD3	-6.662121651	6.88E-06	-9.565561761	-0.6987217	0.036255413
RABEP1pS407	MSANTD2	-4.127383737	5.38E-07	-5.741351367	-0.356801803	0.311500268
RABEP1pS407	PDCD2	1.259447175	9.22E-06	0.702835356	0.630764271	0.050538964
RABEP1pS407	SHISA2	5.425012265	1.10E-11	3.859576124	0.796613294	0.010174573
RABEP1pS407	TMEM154	-4.748742202	5.29E-20	-5.76506576	-0.818628626	0.012960416
MYLKpS343	IGKV1-17	-4.008851671	2.16E-05	-5.858746167	-0.518973322	0.039406605
MYLKpS343	STK16	-5.091387338	1.21E-05	-7.371753512	-0.421548901	0.196593801
RGL3pS569	ABHD3	-1.93740482	2.36E-06	-2.741946328	-0.720486672	0.04378925
RGL3pS569	GPALPP1	-1.159528589	1.39E-05	-1.682536769	-0.888752561	0.003161199
RGL3pS569	LARP4	-1.526909171	2.95E-05	-2.243367272	-0.559009734	0.047027521
RGL3pS569	MNAT1	-1.352126983	8.31E-06	-1.946704001	-0.655984483	0.010848871
RGL3pS569	TELO2	-1.721417752	7.87E-07	-2.40457968	-0.601836616	0.050111907
RGL3pS569	UBQLN2	-1.236045154	1.24E-06	-1.735716513	-0.640883837	0.00747028
EMC4pS36	HMGB1	0.093213827	5.11E-06	0.053151065	0.703240329	0.007325335
SH3PXD2ApS420	RBM23	-2.170875664	1.26E-07	-2.976071357	-0.609603142	0.046460729
PDCD5pS119	DHX33	1.631690883	4.97E-08	1.045138924	0.685284735	0.028740174
RPRD2pS593	BANP	-5.669582913	1.60E-08	-7.63600925	-0.569652216	0.140475171
RPRD2pS593	BPHL	1.614421051	1.18E-06	0.963245415	0.517661001	0.001448327
RPRD2pS593	CFLAR	-1.833862305	5.18E-08	-2.493967104	-0.801889243	0.005265601
KLHDC7ApS365	CFLAR	-3.181351576	1.68E-07	-4.373130177	-0.551202616	0.123983698
KLHDC7ApS365	MTERF3	1.67191538	3.05E-06	0.969842719	0.633393544	0.067051746
DENND4CpS1799	TAF10	-1.171588194	2.00E-05	-1.709967294	-0.583935547	0.046203487
TNS2pS845	HACL1	-0.466017241	1.56E-05	-0.677473589	-0.446385549	0.126253296
TNS2pS845	LIMCH1	0.431231269	3.00E-05	0.228725648	0.275428937	0.301841419
TNS2pS845	NPEPL1	0.328330097	2.88E-05	0.174470618	0.576642209	0.01937059
TNS2pS845	TTC7B	0.303408944	2.97E-05	0.16098804	0.492211693	0.062346147
IQSEC1pS925	GPLD1	-0.948408584	3.01E-07	-1.311268895	-0.392299218	0.296343109
RALGAPA1pS1004	CKB	2.348441363	4.21E-06	1.347972911	0.589099889	0.010097344
RALGAPA1pS1004	GPALPP1	-1.95440353	6.61E-07	-2.724747485	-0.624071079	0.072452017
RALGAPA1pS1004	HLA-DRB5	3.685587244	8.44E-06	2.063672159	0.727924364	0.026189257
RALGAPA1pS1004	SCN7A	3.575166656	1.72E-07	2.234722134	0.76586461	0.003682545
ABLIM2pS364	CERCAM	2.759669625	5.47E-09	1.832248185	0.644959011	0.006983064
ABLIM2pS364	EIF4EBP1	3.160437748	2.55E-05	1.689211177	0.398568641	0.126231079
ABLIM2pS364	LIPH	-2.91767716	2.33E-07	-4.023653044	-0.691643861	0.004284895
LAMTOR1pT48	CA13	1.863429117	1.26E-06	1.109877552	0.552487728	0.040480026
LAMTOR1pT48	CMBL	1.939680566	1.24E-05	1.069968546	0.521994675	0.055535982
LAMTOR1pT48	CRYBG3	-2.453592279	1.38E-10	-3.202878774	-0.508267334	0.076148188
LAMTOR1pT48	DHX57	-1.308616452	8.55E-06	-1.884874115	-0.538008488	0.057885867
LAMTOR1pT48	LARP4	-1.402994981	1.70E-05	-2.042282986	-0.685336852	0.013901654
LAMTOR1pT48	NAV1	-1.876654835	1.33E-06	-2.637423065	-0.307063361	0.35835819
LAMTOR1pT48	POLA2	-1.369030011	5.47E-06	-1.959280003	-0.575611963	0.135427546
NIPBLpS1096	TMX2	2.240309467	1.01E-05	1.245686628	0.430393693	0.287130703
KANK3pS293	EBAG9	0.473459055	8.66E-06	0.264837422	0.515609178	0.071310454
KANK3pS293	MEGF9	0.520281078	1.32E-05	0.28620839	0.410699753	0.312149264
KANK3pS293	RGS3	-0.625529562	9.57E-07	-0.875725252	-0.680266397	0.010505627
SLC9A3R1pS280	KIF3C	-2.464598951	5.99E-07	-3.432345174	-0.595783311	0.053090712
BRAT1pS742	EHF	1.750400932	6.08E-08	1.117020689	0.692173885	0.008748695
BRAT1pS742	NME6	-1.800416523	1.86E-06	-2.540510372	-0.566171669	0.034803359
BRAT1pS742	PUS7L	3.679242729	1.03E-05	2.044154022	0.639694349	0.046393016
ATF7IPpS559	DXO	-2.324219435	1.44E-10	-3.034704038	-0.904244679	0.002040355
ATF7IPpS559	CIBAR1	-3.049000817	9.39E-07	-4.267572458	-0.403574341	0.321447274
ATF7IPpS559	KLHL26	-2.640906016	1.10E-05	-3.818413891	-0.541096906	0.056187213
ATF7IPpS559	POM121	2.718106247	5.55E-06	1.545445555	0.756349835	0.004416518
ATF7IPpS559	SIRT7	-3.029579886	1.05E-17	-3.722568418	-0.839533633	0.00464097
ATF7IPpS559	ZNF276	-4.402959726	6.22E-11	-5.722807106	-0.842885632	0.008589269
MPRIPpS269	RNASE6	0.253845684	2.40E-05	0.136064876	0.446112094	0.146040654
FAM83HpS870	ADAP1	-1.062754041	2.47E-06	-1.504942848	-0.555917444	0.060543338
FAM83HpS870	BCKDHB	-0.710891665	7.83E-06	-1.02261454	-0.284097999	0.068246378
FAM83HpS870	CERCAM	-1.331265239	5.41E-09	-1.778501174	-0.617079546	0.001709221
FAM83HpS870	FBXL4	0.800349855	1.17E-06	0.477630754	0.773477821	0.005227314
FAM83HpS870	IFT57	1.853657572	1.61E-05	1.01118796	-0.005725322	0.976045866
FAM83HpS870	MAP3K11	2.665405956	4.60E-07	1.629310604	-0.109962527	0.795476283
FAM83HpS870	PKNOX1	0.482537685	4.74E-06	0.275867212	0.783877175	0.000196341
FAM83HpS870	SLC20A2	2.179543337	9.11E-06	1.21680962	0.742419004	0.000116216
FAM83HpS870	ST8SIA4	1.244647529	2.22E-06	0.729124095	0.832184964	0.000785065
FAM83HpS870	TMEM126B	2.721484287	3.39E-08	1.755212406	0.075249934	0.709120406
FAM83HpS870	ZMYM1	2.715916939	4.72E-06	1.552879165	-0.15501399	0.69046347
FAM83HpS523	ADAP1	-1.301732397	1.91E-05	-1.898583007	-0.436986149	0.054032946
FAM83HpS523	C1orf53	1.565099042	7.24E-06	0.881393584	0.523764295	0.14782077
FAM83HpS523	CERCAM	-1.630622914	2.25E-07	-2.247902102	-0.510407815	0.000651
FAM83HpS523	CSNK1E	0.867757673	1.03E-07	0.548101516	0.824690579	0.011760713
FAM83HpS523	EAPP	1.091329294	2.39E-05	0.585112316	0.212997957	0.582155984
FAM83HpS523	FBXL4	0.980322158	6.34E-07	0.594542484	0.73335251	0.001863493
FAM83HpS523	MAP3K11	3.264767907	1.06E-05	1.81210297	-0.13205068	0.601447622
FAM83HpS523	TMEM126B	3.333456405	6.80E-07	2.01807673	0.110904776	0.463094925
FAM83HpS523	ZMYM1	3.326637145	2.91E-05	1.766810091	-0.108817226	0.688305504
FAM83HpS523	ZNRF1	0.992036386	2.37E-08	0.643758812	0.646693517	0.083103377
FAM83HpS516	FABP5	0.35395367	2.63E-05	0.188914603	0.794178333	0.010580283
FAM83HpS516	NECTIN4	0.410542617	8.89E-06	0.229422603	0.432362542	0.284685193
FAM83HpS925	ADAP1	-0.833692159	1.09E-05	-1.205114212	-0.457464551	0.086428323
FAM83HpS925	AIG1	-0.99619819	1.35E-07	-1.366572218	-0.326441518	0.045470895
FAM83HpS925	ANKRD36	-0.360562792	2.96E-05	-0.529752896	-0.64391099	0.084880221
FAM83HpS925	BCKDHB	-0.557668834	4.11E-06	-0.794994195	-0.291012488	0.03276903
FAM83HpS925	C1orf53	1.00236485	3.03E-05	0.531344846	0.389571295	0.340093466
FAM83HpS925	CERCAM	-1.044329495	2.90E-09	-1.389084528	-0.675722029	3.03E-05
FAM83HpS925	FBXL4	0.627845553	9.82E-07	0.376464432	0.902022628	2.49E-05
FAM83HpS925	IFT57	1.454127412	3.90E-06	0.836768618	0.008095633	0.962071412
FAM83HpS925	MAP3K11	2.0909147	8.72E-10	1.422504896	0.096136004	0.733237281
FAM83HpS925	MTCL1	0.023111176	7.46E-08	0.014691344	0.365562031	0.373188176
FAM83HpS925	RHOB	-0.641351187	2.31E-05	-0.938341113	-0.286985507	0.039132817
FAM83HpS925	TMEM126B	2.134906124	1.23E-09	1.446223967	0.077761294	0.667099055
FAM83HpS925	ZMYM1	2.130538741	8.36E-07	1.282972494	-0.193002716	0.569638978
CRACDpS975	ADARB1	-1.414056443	4.56E-08	-1.920942372	-0.678720527	0.007611591
CRACDpS975	APOL3	-1.515123221	3.11E-06	-2.151894257	-0.511918346	0.073714721
SEC16ApS2081	SARS2	-1.133376383	1.11E-05	-1.638878818	-0.531718398	0.092292908
FGD6pS721	EPS8	1.385284338	1.94E-05	0.749744818	0.466599902	0.002405711
FGD6pS721	FBRS	-2.526363048	7.78E-07	-3.528556296	-0.401018654	0.324813629
FGD6pS721	IAH1	1.038691082	2.71E-06	0.604760786	0.584817918	7.40E-05
FGD6pS721	IGSF10	2.933924253	1.06E-06	1.755507594	0.54800469	0.101009969
FGD6pS721	TENT2	-1.911515922	6.15E-14	-2.410724715	-0.816077664	6.47E-05
RSRC2pS4	LSM5	0.259541477	1.05E-08	0.170654605	0.787154182	0.001405442
RSRC2pS4	STMN2	-0.629915256	1.36E-09	-0.83362289	-0.67867061	0.064240312
RSRC2pS30	CAPN13	-5.709402137	2.93E-05	-8.387303054	-0.463246833	0.209175739
RSRC2pS30	KCNK1	-3.316506602	2.52E-13	-4.204770391	-0.721113819	0.028347653
RSRC2pS30	LSM14B	-2.404685693	2.58E-05	-3.524846129	-0.386459304	0.192100677
RSRC2pS30	TRIM27	-3.697396932	1.62E-05	-5.378294252	-0.582783585	0.011142554
DENND4ApS1589	CDC27	0.645712646	1.91E-05	0.349655052	0.424612011	0.012314712
DENND4ApS1589	DENND10	0.667080201	5.38E-15	0.499837582	0.675752997	6.11E-06
DENND4ApS1589	MTCL1	-0.035615457	1.75E-05	-0.051868702	0.214778751	0.57892897
DENND4ApS1589	NCDN	0.716784268	1.78E-05	0.389329398	0.459375843	0.005502331
DENND4ApS1589	TENT2	-0.95046091	6.95E-08	-1.295925618	-0.574461316	0.040033058
DENND4ApS1589	TBCD	0.476777951	2.34E-05	0.255865414	0.502366013	0.001795127
DENND4ApS1589	WDR61	0.24346481	2.29E-05	0.130775445	0.724190112	5.96E-07
RAB44pS115	ENSG00000270495	1.711037163	1.32E-07	1.075491491	0.733342769	0.015798558
RAB44pS115	PRKCSH	-0.634168084	3.01E-06	-0.900306366	-0.476394073	0.010382539
TRPT1pS240	ARIH2	3.630564903	5.18E-06	2.069202749	0.554842741	0.025695721
TRPT1pS240	ATP6V0D2	-3.188274006	2.16E-05	-4.659565026	-0.498836386	0.049190461
TRPT1pS240	CASP4	3.808957048	1.23E-05	2.101492177	0.707287158	0.001027605
TRPT1pS240	GNPNAT1	2.817043202	1.13E-05	1.559292677	0.795362847	0.000230064
TRPT1pS240	KCMF1	4.134949845	7.32E-10	2.819115242	0.706728578	0.004713684
TRPT1pS240	NRDC	2.87772272	6.89E-07	1.741581553	0.678798565	0.002734882
TRPT1pS240	NT5DC2	4.063908162	5.60E-06	2.309896048	0.364465609	0.137016731
TRPT1pS240	NTMT1	2.535632262	1.67E-06	1.498046524	0.598771132	0.008650692
TRPT1pS240	PPM1G	2.801951444	8.70E-06	1.567052526	0.502100198	0.033727412
TRPT1pS240	PRKAR2A	-1.424886872	2.17E-05	-2.082446541	-0.767032129	0.000203698
TRPT1pS240	RFFL	-3.336552198	5.88E-06	-4.779962486	-0.321984558	0.436707964
TRPT1pS240	SLC25A17	-4.291667103	5.51E-06	-6.142657161	-0.633655565	0.049170697
PHLDB1pS563	PKNOX1	-1.461519747	7.20E-06	-2.09983077	-0.682534563	0.003575583
ZC3H18pS83	ACVRL1	8.127953568	4.74E-06	4.646650221	0.61722597	0.057282651
ZC3H18pS83	ENTPD6	5.26613388	6.36E-06	2.97958572	0.569315516	0.109595108
ZC3H18pS83	SDCCAG8	-5.590899861	1.16E-05	-8.089533441	-0.687679918	0.000405142
ZC3HC1pS407	RBFOX2	-0.742922688	1.61E-05	-1.080488803	-0.629582946	0.008963779
ZC3HC1pS407	TRMT112	-0.641086583	4.69E-06	-0.915536811	-0.171806948	0.481865874
IRF2BP1pS384	HOMER2	-5.790396335	3.91E-06	-8.248837049	-0.752548706	0.031197774
IRF2BP1pS384	TMEM219	2.129434704	3.69E-07	1.308556877	0.634994693	0.026521722
IRF2BP1pS384	TMEM63C	-5.614910276	1.39E-08	-7.554247392	-0.652487028	0.079473854
IRF2BP1pS384	ZBTB40	-3.955670436	1.57E-05	-5.750941953	-0.478076704	0.024419738
TEX2pS736	FAT4	-1.277804944	6.40E-06	-1.832777339	-0.528070158	0.052256478
MICALL2pS247	ARL6IP1	1.374042313	4.04E-07	0.842557199	0.526530632	0.006852356
MICALL2pS247	BCL9L	-2.037799238	2.95E-06	-2.892223099	-0.403834317	0.135489129
MICALL2pS247	KRT79	-2.568183861	2.80E-06	-3.642505301	-0.959727377	0.000158401
MICALL2pS247	LTV1	-2.037845827	6.04E-07	-2.838267238	-0.782905888	0.000929586
MICALL2pS247	MLST8	0.758951515	6.09E-06	0.430097231	0.591409763	0.001848122
MICALL2pS247	PTCD1	1.19216709	2.77E-05	0.634759557	0.777482385	0.000239473
MICALL2pS247	USP46	0.922738113	1.10E-05	0.511375579	0.397639827	0.066856055
MICALL2pS247	UTP23	-1.085692813	4.25E-06	-1.548388547	-0.605923344	0.021633955
MICALL2pS247	WDR24	1.650015124	1.09E-06	0.986548836	0.597115813	0.011379975
SRRM1pS551	MAP2K6	-4.10380857	4.40E-06	-5.855535699	-0.583786363	0.017585187
SRRM1pS551	NPR2	-7.415449695	7.08E-06	-10.65159979	-0.709812544	0.032180381
SRRM1pS551	SH2D3A	-9.467707285	1.38E-11	-12.21271188	-0.78623672	0.020672004
ARHGEF11pS1155	DEPDC5	-4.512091594	1.37E-12	-5.760001732	-0.583355141	0.059581492
ARHGEF11pS1155	IQGAP2	-1.386649017	1.44E-05	-2.013266743	-0.42249686	0.103037041
INTS1pS307	CADM4	-2.832082361	4.57E-06	-4.043123454	-0.679459525	0.063810775
INTS1pS307	KCTD15	2.558408801	2.96E-35	2.153692571	0.958226656	0.000176576
INTS1pS307	SLC2A13	1.216506639	7.63E-06	0.68373365	0.598501402	0.002552884
INTS1pS307	ST8SIA4	-2.408565693	4.92E-06	-3.441983428	-0.839070438	0.001241891
CLASRPpS294	GPR108	1.955923284	8.95E-06	1.092711575	0.51904965	0.006585926
CLASRPpS294	HSD17B12	1.05741289	6.76E-06	0.59696625	0.23049277	0.237993151
CLASRPpS294	PKP1	-6.077262607	6.56E-16	-7.551692377	-0.778217693	0.022937076
CLASRPpS294	TSEN15	-2.571876579	7.86E-07	-3.592504144	-0.576802242	0.049599104
CLASRPpS294	WDR17	-5.442417583	2.61E-05	-7.978970419	-0.779342318	0.022610562
MINK1pS763	CDC45	6.564223492	3.08E-08	4.240609035	0.852228363	0.007199388
MINK1pS763	LRRC42	-7.334209267	8.99E-07	-10.26032156	-0.783253007	0.001540574
MINK1pS763	MSANTD2	-4.954873171	2.35E-05	-7.251193249	-0.177783449	0.600988253
MINK1pS763	SHISA2	6.512660183	1.26E-07	4.097004208	0.646569154	0.059861573
MINK1pS763	TMEM154	-5.70080633	2.01E-10	-7.457414179	-0.657363596	0.076491906
USHBP1pS83	GXYLT2	0.738519186	8.27E-06	0.413841937	0.408285286	0.212534393
USHBP1pS83	IGKV3D-20	-0.67699874	1.36E-06	-0.951689194	-0.677894806	0.031221803
TC2NpS191	AKAP11	2.626873962	3.77E-08	1.691000468	0.713309915	0.004179402
TC2NpS191	CSTA	2.087991036	1.75E-05	1.134950899	0.424734541	0.114546115
ENGASEpS66	ARL6IP1	0.252301985	1.66E-05	0.13748451	0.689542358	0.039870103
ENGASEpS66	ASPSCR1	0.18972356	9.17E-06	0.105893368	0.358450728	0.343506971
ENGASEpS66	C17orf80	0.366682293	1.73E-06	0.216405812	0.543162463	0.16415
ENGASEpS66	FIS1	0.279232977	9.97E-09	0.183740097	0.408384398	0.275169802
PLEKHO2pS389	AMDHD2	0.730711671	1.75E-05	0.397245113	0.680504572	1.32E-05
PLEKHO2pS389	CAV2	-1.319878836	2.17E-05	-1.929079424	-0.552344054	0.000859604
PLEKHO2pS389	COMMD4	0.676564443	1.15E-05	0.374346009	0.565304584	0.000402383
PLEKHO2pS389	DENND10	0.912219359	2.00E-13	0.668917604	0.639328985	3.56E-05
PLEKHO2pS389	NAE1	0.714546131	1.49E-05	0.39115651	0.556360847	0.000519339
PLEKHO2pS389	NHLRC2	0.702358183	1.50E-05	0.38433116	0.518726978	0.001410242
PLEKHO2pS389	TENT2	-1.299737033	4.86E-11	-1.687168203	-0.728579795	0.000909376
PLEKHO2pS389	TBCD	0.651984688	3.47E-06	0.37662895	0.595320086	0.000161673
PLEKHO2pS390	BLNK	-0.07934357	2.00E-05	-0.115803349	-0.348244686	0.267296696
PLEKHO2pS390	CLUAP1	-2.280296355	1.33E-05	-3.3063891	-0.712768754	0.013823511
PLEKHO2pS390	DCAF12	0.134784018	8.38E-07	0.081159689	0.380238565	0.352791297
PLEKHO2pS390	DENND10	1.662849615	1.99E-10	1.150597347	0.515403461	1.54E-05
PLEKHO2pS390	CIBAR1	-2.239941962	8.10E-06	-3.223725181	-0.451774222	0.222168362
PLEKHO2pS390	GAB2	-1.841115996	6.44E-09	-2.462735004	-0.388626064	0.267057803
PLEKHO2pS390	JMY	-2.38561629	1.42E-05	-3.462647672	-0.295045191	0.3277618
PLEKHO2pS390	TENT2	-2.369240693	7.40E-08	-3.23218595	-0.553872562	0.001825796
PLEKHO2pS390	PCDHB16	-2.795465594	2.23E-05	-4.08737639	-0.512131684	0.158674672
PLEKHO2pS390	PPM1M	-2.072133713	4.45E-08	-2.814306779	-0.486106811	0.221954786
PLEKHO2pS390	RTP4	1.332008532	2.61E-06	0.776459475	0.543654412	0.054807636
PLEKHO2pS390	SLC6A9	1.491911101	2.24E-05	0.802229802	0.543066222	0.130794651
ASAP3pS286	PON3	2.839520829	1.39E-05	1.55864366	0.401106758	0.057840715
AFAP1L1pS329	FYCO1	1.310893076	2.61E-05	0.699878762	0.482607246	0.004448289
AFAP1L1pS329	HTT	1.178380311	2.33E-05	0.632472334	0.519438518	0.001949585
AFAP1L1pS329	FAM234B	-2.277788623	6.14E-12	-2.927016578	-0.661667774	0.052245218
AFAP1L1pS329	KLHL26	-2.701893406	5.23E-08	-3.674769728	-0.881521533	0.001675558
AFAP1L1pS329	NSA2	2.408373008	3.94E-07	1.477715641	0.711307579	0.00433665
AFAP1L1pS329	OCLN	2.302580556	2.55E-05	1.230589368	0.561193765	0.001539055
AFAP1L1pS329	STK17A	-2.393632215	1.56E-10	-3.126775506	-0.752755484	0.019239811
AFAP1L1pS329	WDR59	2.648886658	1.10E-05	1.468189549	0.312217372	0.076907952
PARD3BpS141	SENP8	0.710222996	1.38E-05	0.389995814	0.49440382	0.122129346
PARD3BpS141	TSC22D2	0.550725463	3.03E-05	0.291949998	0.668073139	0.034740323
HDAC7pS486	ARL3	0.741670598	1.48E-05	0.406056226	0.331494181	0.051735997
HDAC7pS486	C12orf43	1.307424932	1.21E-06	0.779527331	0.691289132	0.018473872
HDAC7pS486	CDC27	0.939215576	1.99E-05	0.5077078	0.475997471	0.004434115
HDAC7pS486	CHUK	1.348343974	4.74E-08	0.864399273	0.531577431	0.001015732
HDAC7pS486	FHIP1B	-1.395872265	6.96E-06	-2.004522428	-0.659498109	0.000247527
HDAC7pS486	DENND10	0.788453468	3.07E-09	0.527763359	0.724775428	8.50E-07
HDAC7pS486	KLHL26	-2.602428387	1.74E-11	-3.360788925	-0.657860527	0.010547422
HDAC7pS486	NHLRC2	0.748523932	2.70E-05	0.398989781	0.532744016	0.000985285
HDAC7pS486	TENT2	-1.579750722	2.60E-08	-2.13597328	-0.585885931	0.010618878
HDAC7pS486	PPP2R5A	0.87265189	2.78E-05	0.464502369	0.636490217	3.95E-05
HDAC7pS486	VPS36	0.892294317	2.35E-05	0.47874133	0.521348749	0.001320291
SYNE2pS4110	GPC1	1.579197166	2.52E-05	0.844540028	0.736020617	0.02376741
SYNE2pS4110	MON1B	1.043732472	3.64E-06	0.601999361	0.638247174	0.034579287
SYNE2pS4110	NDC1	-0.846179798	6.34E-06	-1.213538022	-0.425958526	0.191458397
SYNE2pS4110	TUBGCP4	1.299668276	9.89E-07	0.779147501	0.902280868	0.000871901
ING5pS118	DNAJA4	-1.141736428	1.41E-05	-1.657008209	-0.244543611	0.559432892
RSPH1pS297	EXOSC2	0.389371257	5.32E-07	0.23718354	0.535400056	0.032574907
RSPH1pS297	NSMCE4A	0.42206838	1.48E-05	0.231062665	0.543709747	0.04446245
RSPH1pS297	PPM1F	0.471520207	1.76E-08	0.307482227	0.73526258	0.001172485
RSPH1pS297	UIMC1	0.629668518	3.13E-06	0.364960754	0.613857476	0.078671148
TGOLN2pS298	CERCAM	2.424361438	5.79E-07	1.473657909	0.525213706	0.000596769
TGOLN2pS298	CSNK1E	-1.4244715	2.54E-08	-1.925646344	-0.808086279	0.015225039
TGOLN2pS298	DCAF12	0.179865674	6.13E-06	0.101901991	0.401710807	0.323900294
TGOLN2pS298	DGKH	-1.776840654	8.41E-06	-2.558659864	-0.832703985	0.010286091
TGOLN2pS298	FBXL4	-1.609252236	5.52E-08	-2.189719915	-0.769247392	0.000306437
TGOLN2pS298	ZNF512	3.22382014	1.18E-05	1.781779878	0.413140431	0.000418522
TGOLN2pS298	ZNRF1	-1.628481779	4.61E-06	-2.325111764	-0.501277792	0.205685875
ATG2BpS497	BLOC1S1	0.635081189	2.43E-05	0.340190775	0.812383863	0.004293168
ATG2BpS497	FHIP1B	-1.221075035	1.12E-05	-1.765839034	-0.910787604	0.001658421
ATG2BpS497	DENND10	0.601390378	2.86E-07	0.37173639	0.959647383	2.94E-06
ATG2BpS497	HSD17B6	2.469570079	3.07E-06	1.432193135	0.576153136	0.134974276
ATG2BpS497	HSPA1B	0.333932269	1.80E-05	0.181331834	0.771758365	0.005393739
ATG2BpS497	NCDN	0.921731553	2.99E-07	0.569156694	0.864805924	0.001237523
ATG2BpS497	PDCL	0.618692365	1.34E-05	0.340107973	0.85984691	0.001420406
ATG2BpS497	WDR61	0.311378594	6.15E-06	0.176391494	0.931538083	3.05E-05
PABIR1pS37	ATF7IP	-1.744327713	7.00E-06	-2.505141621	-0.72096256	0.002422052
PABIR1pS37	CARS2	1.376562861	1.37E-06	0.817823807	0.583233368	0.011065376
PABIR1pS37	EXT2	1.677828372	3.67E-06	0.967489699	0.628053355	0.012171902
PABIR1pS37	NOC4L	1.745023565	8.23E-06	0.978016546	0.245821415	0.31037146
SLC41A3pS13	MAP2K6	-3.028187911	4.62E-12	-3.886281988	-0.80297545	3.49E-05
SLC41A3pS13	TREM2	2.720189461	1.07E-05	1.509034237	0.577640155	0.030518561
RBM17pS155	ARHGAP6	3.83590792	4.43E-56	3.359398875	0.954277067	6.43E-05
RBM17pS155	CCDC8	-6.385471975	2.79E-07	-8.821797138	-0.82789369	0.000138518
RBM17pS155	CDC45	4.876768513	1.96E-05	2.63821155	0.593103625	0.092301067
RBM17pS155	LRRC42	-8.742817188	5.41E-09	-11.68002783	-0.550737863	0.079128154
RBM17pS155	NDST1	-8.731301236	2.27E-05	-12.77096402	-0.25562422	0.180769713
RBM17pS155	WDR17	-7.50585035	1.86E-07	-10.32783979	-0.699920776	0.016488459
CLMNpS907	KRT17	-0.993749644	9.07E-07	-1.390375137	-0.643234119	0.013076949
CLMNpS907	SLC20A2	-3.110057915	1.11E-10	-4.054894544	-0.802533485	0.002948535
CLMNpS907	TRAPPC9	0.971688134	1.39E-06	0.577080276	0.76110071	0.00156831
ZNF641pS426	SAA1	-1.569802854	1.59E-06	-2.210900272	-0.775778458	0.023655281
ACTN4pS159	BCKDHB	1.886981385	1.64E-05	1.028600963	0.290210998	0.035031908
ACTN4pS159	ORAI1	2.123668358	1.70E-06	1.254035716	0.629567973	0.000746115
ACTN4pS159	PKNOX1	-1.300274198	2.01E-07	-1.790557675	-0.73959172	0.000193932
ACTN4pS159	RNF130	2.348772887	7.06E-07	1.420575546	0.538610665	0.108205082
ACTN4pS159	SUSD2	3.099110986	2.21E-05	1.667413415	0.475810011	0.000363754
ACTN4pS159	ZMYM1	-5.988440163	3.04E-06	-8.502706454	-0.33876176	0.372517228
ZNF830pS351	POM121	2.310240723	1.41E-10	1.60442649	0.671324265	0.068322372
ZNF830pS351	PPP2R3A	-1.133380437	8.76E-06	-1.633055778	-0.788195315	0.002323453
RBM14pS280	DCHS1	-2.620315178	2.02E-05	-3.824976084	-0.62765286	0.028885925
RBM14pS280	DRAM2	1.341675349	2.12E-05	0.723192618	0.58152571	0.037100176
RBM14pS280	LRRC42	-2.679834835	2.91E-09	-3.564582015	-0.817272329	0.00388728
RBM14pS280	PDE3B	-2.307463071	2.58E-07	-3.185368168	-0.724111432	0.017881518
RBM14pS280	TTC12	-2.081514307	2.83E-05	-3.055868358	-0.738754203	0.009403142
PHF12pS131	CASP14	-5.9621304	2.39E-05	-8.728154122	-0.739992422	0.005930623
PHF12pS131	CNNM2	-4.160519527	2.66E-10	-5.451350433	-0.824361934	0.003348539
PHF12pS131	FBXL6	3.132547771	2.54E-05	1.67464019	0.730489302	0.039581202
PHF12pS131	FZR1	4.596183791	2.01E-07	2.863268648	0.603850678	0.028855393
PHF12pS131	LIN7B	2.326809376	1.43E-05	1.27585243	0.443750352	0.23151102
PHF12pS131	LRRC42	-4.487404088	1.44E-05	-6.514676998	-0.664274493	0.006911972
PHF12pS131	TRIM9	3.273469632	9.09E-07	1.966849983	0.679824517	0.043941928
ERBINpS852	CFHR3	-4.255839795	2.46E-06	-6.026140644	-0.643139626	0.032787503
ERBINpS852	ECT2	3.387473716	2.28E-10	2.340452318	0.587467792	0.096235495
ERBINpS852	METTL9	1.50969788	7.18E-06	0.850420744	0.511472784	0.021163173
ERBINpS852	NEDD9	1.570160731	1.54E-05	0.858318765	0.864732886	0.000282945
ERBINpS852	PDE4D	-3.630769986	1.51E-06	-5.110353282	-0.445239833	0.268943441
ERBINpS852	PDLIM2	1.982178116	1.20E-05	1.094721097	0.313665906	0.104074657
ERBINpS852	RPS19BP1	-4.830226017	2.09E-10	-6.320035107	-0.580194047	0.131616454
ERBINpS852	SHISA2	3.300744091	3.03E-07	2.037590539	0.773863742	0.024228699
WRNIP1pS77	DUS1L	3.668859328	8.56E-06	2.053181848	0.35007403	0.355710799
IWS1pS287	CYP24A1	5.240639935	2.62E-05	2.797550533	0.43783161	0.238536828
IWS1pS287	FAM83G	5.951863132	1.75E-09	4.014009662	0.578158899	0.079993226
IWS1pS287	LRP4	-1.703925867	2.42E-17	-2.098143573	-0.779399052	0.022594167
IWS1pS287	PAIP2B	8.245385557	2.55E-05	4.407337104	0.21119507	0.615626694
IWS1pS287	TENT2	-1.93040626	8.24E-06	-2.778944248	-0.652887959	6.86E-05
IWS1pS287	PLEKHM1	-2.596695729	1.07E-05	-3.752644952	-0.5033342	0.028029223
IWS1pS287	SLC6A9	1.870062953	4.34E-06	1.072323067	0.633063108	0.067238695
IWS1pS287	TMEM154	-3.230171657	2.58E-10	-4.231607196	-0.681471755	0.062722914
IWS1pS287	ZNF414	-1.17050414	4.45E-14	-1.474486417	-0.711110325	0.047969812
IWS1pS289	CADPS	7.250970716	1.37E-05	3.982892704	0.268326668	0.399087453
IWS1pS289	CCR5	-1.776146071	1.02E-05	-2.565004248	-0.572327695	0.138196485
IWS1pS289	CYP24A1	6.030228593	2.56E-05	3.222780519	0.411212444	0.271531408
IWS1pS289	DXO	-2.883430387	4.35E-16	-3.578690028	-0.952481021	0.000258782
IWS1pS289	FAM83G	6.797909141	3.07E-11	4.792316488	0.604481534	0.0641504
IWS1pS289	LRIF1	2.039330927	1.25E-05	1.124245153	0.185606345	0.525242516
IWS1pS289	LRP4	-2.24119045	1.25E-19	-2.725760143	-0.790099345	0.019632826
IWS1pS289	PAH	2.177970998	6.36E-06	1.232300551	0.049541489	0.907261586
IWS1pS289	PAIP2B	9.417451411	7.09E-06	5.30742324	0.235029494	0.575279219
IWS1pS289	PLEKHM1	-3.415459429	2.04E-05	-4.98658585	-0.454234836	0.050738179
IWS1pS289	SLC5A1	3.591280037	7.87E-06	2.016150294	0.740465472	0.022502908
IWS1pS289	SLC6A9	2.459712193	7.32E-06	1.384629259	0.608629498	0.081978375
IWS1pS289	TMEM154	-3.71685018	1.37E-06	-5.225436072	-0.402141228	0.323332939
IWS1pS289	YY1AP1	-3.459698246	1.77E-05	-5.039557758	-0.47441999	0.119153476
IWS1pS289	ZNF414	-1.539575607	4.59E-14	-1.939608384	-0.680601142	0.063192227
SPENpS1380	ERG	1.031225113	7.18E-06	0.580908513	0.758585402	0.029113451
SPENpS1380	RAF1	1.195822723	2.21E-05	0.643416699	0.336984237	0.219359785
SORT1pS825	BCKDHB	2.34875421	2.74E-05	1.251166637	0.387585591	0.001303187
SORT1pS825	CERCAM	3.868105889	4.46E-07	2.366353708	0.545538679	0.001025268
SORT1pS825	CFAP57	0.304011955	9.64E-06	0.169361541	0.52370398	0.120269023
SORT1pS825	EAPP	-3.063618691	1.15E-05	-4.432344145	-0.744929558	0.033955952
SORT1pS825	FBXL4	-2.325485483	3.97E-06	-3.313553452	-0.652914452	0.011356418
SORT1pS825	MAP3K11	-7.744566732	1.39E-08	-10.41966203	-0.495632877	0.050899765
SORT1pS825	TMEM126B	-7.907507153	6.01E-07	-11.01279042	-0.332485157	0.0386344
SORT1pS825	YY1AP1	-3.072132231	1.04E-06	-4.305108027	-0.873117524	0.000970238
SORT1pS825	ZMYM1	-7.891330746	2.15E-07	-10.8739282	-0.433457416	0.121540454
NAP1L4pS5	C1orf112	-1.077407913	2.74E-09	-1.4325288	-0.722366304	0.042978791
NAP1L4pS5	C5orf24	1.534506946	3.81E-06	0.883725189	0.811343727	0.007941864
NAP1L4pS5	MYH14	1.221802174	2.09E-05	0.658988655	0.345242782	0.084097604
NAP1L4pS5	NDUFV3	1.145805276	2.31E-06	0.670475467	0.532168629	0.041146927
NAP1L4pS5	RIPK1	-0.930235367	2.30E-05	-1.36085035	-0.568354778	0.002451675
SDF4pT193	CDK6	-1.719678964	1.53E-06	-2.420775334	-0.647776156	0.009022171
SDF4pT193	MLLT1	-1.620826781	2.04E-05	-2.366451449	-0.540753784	0.069470298
SDF4pT193	NECTIN1	-1.985607893	2.10E-08	-2.680152954	-0.684786552	0.028903084
SDF4pT193	QRICH1	-1.130707949	5.51E-06	-1.618369074	-0.71448502	0.000588113
SDF4pT193	ZGPAT	-1.722834156	1.43E-05	-2.501025436	-0.590164381	0.016101729
TRIM56pS475	ADSS2	1.500398612	9.19E-06	0.837401599	0.263118908	0.052273784
TRIM56pS475	ESD	1.03528153	2.65E-05	0.552378366	0.342307836	0.01052439
TRIM56pS475	FAM169A	-5.431023818	1.06E-05	-7.847530497	-0.119431662	0.606103471
TRIM56pS475	DENND10	1.222377906	5.77E-07	0.743104204	0.530060016	3.15E-05
TRIM56pS475	FTO	1.588640356	3.73E-07	0.975995578	0.500518154	0.000116075
TRIM56pS475	HSD11B1	-1.876006878	9.32E-06	-2.705549261	-0.45210257	0.002648942
TRIM56pS475	KLHL26	-5.210310228	2.19E-07	-7.180845249	-0.442636329	0.065842517
TRIM56pS475	MPI	1.518034163	2.25E-06	0.888977987	0.442504168	0.000806868
TRIM56pS475	MSMO1	1.80223779	2.96E-06	1.046428525	0.479399723	0.000427613
TRIM56pS475	PPM1A	1.334882908	2.66E-05	0.712049755	0.226615085	0.096163792
TRIM56pS475	PPP2R5A	1.471531544	1.33E-05	0.809212953	0.51066446	6.79E-05
TRIM56pS475	PPP5C	1.105393494	9.79E-06	0.615432232	0.356447385	0.007559702
TRIM56pS475	SLC6A9	1.991622938	2.48E-06	1.162788982	0.658188274	0.075994217
TRIM56pS475	VPS36	1.416352709	2.55E-05	0.757030692	0.46876735	0.000306529
SSBP3pS347	MSMO1	0.638649689	2.43E-05	0.342106446	0.704184126	0.000254327
SLC12A9pS5	ADSS2	0.497809875	2.36E-11	0.351789729	0.6771623	0.00202163
SLC12A9pS5	BPNT1	0.365289006	1.53E-05	0.199732598	0.613417621	0.006781702
SLC12A9pS5	C9orf64	0.599215764	2.62E-06	0.349251094	0.374163122	0.126099402
SLC12A9pS5	CCDC92	-1.131266995	1.79E-07	-1.555998412	-0.912217206	0.000605077
SLC12A9pS5	COPG2	0.364723998	2.56E-05	0.194889009	0.509320341	0.030857419
SLC12A9pS5	COPS8	0.271248834	6.29E-06	0.153536121	0.61096392	0.007069638
SLC12A9pS5	EPM2AIP1	0.511921649	1.11E-05	0.283588751	0.632069211	0.004888963
SLC12A9pS5	ESD	0.343490967	7.48E-07	0.207439992	0.522250611	0.026193529
SLC12A9pS5	F13B	-0.723370971	1.34E-05	-1.049054103	-0.479106879	0.229677796
SLC12A9pS5	FAH	0.551576022	9.45E-07	0.331071459	0.731600245	0.000559237
SLC12A9pS5	FHIP1B	-0.653045019	7.55E-06	-0.938906504	-0.81527321	0.001231083
SLC12A9pS5	DENND10	0.405566753	5.47E-14	0.29986339	0.880040983	1.47E-06
SLC12A9pS5	FGA	-0.485576005	3.91E-07	-0.673160336	-0.728127022	0.000612349
SLC12A9pS5	FGG	-0.405642837	1.67E-05	-0.590340977	-0.686893634	0.00163848
SLC12A9pS5	FTO	0.527087169	1.85E-08	0.3434533	0.577903261	0.012007984
SLC12A9pS5	GGACT	-0.624155402	1.46E-05	-0.906352687	-0.426773343	0.099233133
SLC12A9pS5	HSD11B1	-0.622431094	8.40E-08	-0.850106816	-0.666563406	0.012844808
SLC12A9pS5	HSPA1B	0.203979511	1.77E-05	0.110840569	0.571265192	0.013270389
SLC12A9pS5	IAH1	0.43425167	7.66E-07	0.262096897	0.631114252	0.004974036
SLC12A9pS5	KLHL26	-1.728703202	1.98E-15	-2.155290217	-0.780043918	0.022408336
SLC12A9pS5	MPI	0.503661088	1.27E-07	0.316821226	0.535415673	0.022028594
SLC12A9pS5	MSMO1	0.597955612	3.42E-09	0.399655998	0.723062629	0.002318976
SLC12A9pS5	NAE1	0.420334999	1.53E-07	0.263367497	0.723485481	0.000689862
SLC12A9pS5	NHLRC2	0.359105128	8.96E-06	0.200610636	0.723236851	0.000694235
SLC12A9pS5	NPEPPS	0.257925314	1.90E-05	0.139726235	0.564563414	0.014649926
SLC12A9pS5	PAF1	0.421471422	2.79E-06	0.245174792	0.675814566	0.002080091
SLC12A9pS5	PAFAH1B2	0.310696678	1.25E-05	0.171315772	0.480902037	0.043350959
SLC12A9pS5	PF4	-0.653326869	1.98E-06	-0.922571706	-0.778758965	0.022779565
SLC12A9pS5	PPM1A	0.442894234	7.27E-07	0.267667515	0.382952264	0.116746026
SLC12A9pS5	PPP2R5A	0.488232213	2.11E-07	0.303833553	0.729965398	0.000583735
SLC12A9pS5	PPP4R2	0.561746002	1.82E-06	0.331021202	0.668792919	0.003330679
SLC12A9pS5	PPP5C	0.36675307	1.22E-09	0.248475183	0.690134109	0.001525114
SLC12A9pS5	RNPEP	0.336249005	7.33E-08	0.213817489	0.764906775	0.000217453
SLC12A9pS5	SCLY	0.624679759	3.82E-06	0.359737129	0.573981951	0.015978854
SLC12A9pS5	TKT	0.334180657	1.84E-05	0.181260117	0.566542133	0.014231284
SLC12A9pS5	UCHL1	0.675275028	2.78E-05	0.35945329	0.616434034	0.006440814
SLC12A9pS5	VARS1	0.244749364	3.28E-07	0.150816849	0.597543049	0.008824544
SLC12A9pS5	VPS36	0.469924698	1.07E-08	0.308889389	0.827559297	2.25E-05
SHANK3pS395	CAMKK2	-0.564901537	1.80E-05	-0.823103397	-0.29241709	0.356362903
SHANK3pS395	FHIP1B	-0.497617285	2.82E-05	-0.730508861	-0.747585606	0.000870664
SHANK3pS395	GPLD1	-1.316801489	2.13E-07	-1.814296383	-0.298520879	0.372562888
SHANK3pS395	NUAK2	-0.821149418	1.31E-06	-1.153840044	-0.3118285	0.452117521
PANK2pS189	ATP13A4	-1.815088307	3.01E-06	-2.576800979	-0.448966603	0.027754328
PANK2pS189	CCDC9B	-1.846546302	3.99E-06	-2.631261366	-0.688400631	0.003193614
PANK2pS189	FKRP	-2.13688442	7.58E-07	-2.983691569	-0.733497899	0.024505486
PANK2pS189	SPIRE1	-5.448278643	4.16E-06	-7.768070136	-0.347106282	0.295629946
PANK2pS189	ZMYM1	-4.421617073	2.55E-05	-6.479733265	-0.401571623	0.195697483
ASPSCR1pS502	MGRN1	-0.656627184	1.04E-05	-0.948582244	-0.440911269	0.234866942
RAB34pS241	ARMC9	-1.943196468	8.69E-06	-2.799553752	-0.555912773	0.013456732
RAB34pS241	DTD1	1.511172817	6.36E-09	1.001126033	0.636813444	0.000819687
RAB34pS241	LTV1	-1.824295977	9.58E-08	-2.494568979	-0.90721308	0.001860703
RAB34pS241	TENT2	-1.57128496	2.81E-07	-2.170916349	-0.890972415	0.001264615
RAB34pS241	ENSG00000270495	1.909355927	7.26E-06	1.075152318	0.691347774	0.026807485
RAB34pS241	SLC35C1	1.890954739	2.96E-05	1.003505019	0.531963534	0.041239731
ZDHHC5pS274	APOB	1.584419489	3.80E-06	0.912520165	0.502841374	0.095658893
NBASpS473	CASP14	-9.976271942	1.05E-11	-12.85212339	-0.682204691	0.010202833
NBASpS473	DGKH	-4.71960006	2.25E-15	-5.886534198	-0.754886149	0.030380194
NBASpS473	ZMYM1	-9.566656187	4.16E-06	-13.64002877	-0.374442571	0.207482439
NBASpS473	ZNF460	-2.829860287	2.80E-05	-4.15398348	-0.770184647	0.015174841
KDM1ApS69	FHL1	0.647539308	3.02E-06	0.375741719	0.544801945	0.10342793
KDM1ApS69	SVEP1	0.749226758	1.55E-07	0.469318956	0.625849041	0.096947872
TNKS1BP1pS1666	CCDC92	-3.671956691	8.71E-06	-5.290375183	-0.560667022	0.00819632
TNKS1BP1pS1666	DHX33	2.151072002	2.02E-06	1.263748479	0.678331501	0.031071246
TNKS1BP1pS1666	WDR61	0.544926569	1.52E-06	0.322794637	0.568221381	2.52E-05
ZNF106pS1279	AMZ2	1.500704328	2.02E-06	0.881625332	0.667137576	0.070715445
ZNF106pS1279	CREBBP	-1.779486095	4.49E-06	-2.539801448	-0.42067497	0.197621295
ZNF106pS1279	MERTK	1.730373343	1.93E-05	0.936609158	0.599532132	0.116199638
ZNF106pS1279	NFX1	-1.876207903	6.09E-06	-2.68920993	-0.545639843	0.053753409
ZNF106pS1279	POF1B	3.347303111	2.05E-06	1.965614337	0.512319324	0.088574587
WNK1pS2012	EP300	0.8380508	6.43E-06	0.473997099	0.347115179	0.295616729
SENP3pS169	C1orf50	0.845348959	1.15E-05	0.467613557	0.422453501	0.025122239
SENP3pS169	COMMD4	0.817658258	3.48E-07	0.503134968	0.421139473	0.018305945
SENP3pS169	CRIP2	0.74450658	1.02E-05	0.413776571	0.467489376	0.008007959
SENP3pS169	CSRP1	0.560114558	2.96E-05	0.297259649	0.496528501	0.004494564
SENP3pS169	DCTPP1	1.291297116	3.39E-09	0.863177878	0.569123334	0.00157444
SENP3pS169	ENAH	0.815332854	1.20E-08	0.534972582	0.513717282	0.003117226
SENP3pS169	DENND10	0.780410686	5.65E-11	0.546987979	0.639100704	0.000108859
SENP3pS169	FBLIM1	0.978526637	4.55E-06	0.560197326	0.357396148	0.048397021
SENP3pS169	GATAD2B	1.03733173	1.14E-05	0.574148022	0.231998175	0.209170994
SENP3pS169	HLA-F	-1.172894783	7.96E-06	-1.687597503	-0.307099803	0.098790128
SENP3pS169	IRF2BPL	0.935663326	5.62E-07	0.569182641	0.440527395	0.013127857
SENP3pS169	KLHL26	-2.271843352	1.27E-09	-3.005259324	-0.580048867	0.037699968
SENP3pS169	MSMO1	1.210618822	9.41E-11	0.84423031	0.705443219	2.76E-05
SENP3pS169	MUC1	0.917458552	1.10E-05	0.508437093	0.537542051	0.001817541
SENP3pS169	NHLRC2	0.61417191	1.81E-05	0.333375199	0.62607198	0.000165079
SENP3pS169	PAF1	0.692079455	2.67E-05	0.369119657	0.566408445	0.000894741
SENP3pS169	PDLIM2	0.840259121	1.55E-05	0.459125538	0.382239604	0.033829666
SENP3pS169	PPP2R5A	0.968474074	1.92E-08	0.630676089	0.58771146	0.000508058
SENP3pS169	RAB13	0.645685359	6.46E-07	0.391406632	0.602612365	0.000333916
SENP3pS169	RGS3	-1.37516213	1.68E-06	-1.938066777	-0.600684164	0.003983322
SENP3pS169	ST3GAL4	-2.004639664	7.93E-06	-2.884209351	0.271436626	0.327774386
SENP3pS169	TBCD	0.596233604	1.21E-05	0.329123667	0.572849198	0.000757082
SENP3pS169	TBL1XR1	0.626966055	3.75E-06	0.361244298	0.367381588	0.042036567
SENP3pS169	UGDH	1.100872319	2.67E-06	0.641244837	0.35518134	0.049906487
SENP3pS169	UTP23	-0.935614658	2.19E-05	-1.367604173	-0.580575231	0.011527758
SENP3pS181	ATXN10	0.755936826	2.91E-05	0.401494782	0.495798428	0.010001636
SENP3pS181	C1orf50	0.838497039	7.26E-06	0.472151834	0.456744352	0.024854201
SENP3pS181	COMMD4	0.811030783	2.99E-07	0.500813168	0.435197067	0.026281675
SENP3pS181	DCTPP1	1.280830593	7.70E-10	0.87269915	0.608428398	0.001607065
SENP3pS181	ENAH	0.808724228	1.16E-08	0.530941365	0.520741759	0.006381468
SENP3pS181	DENND10	0.774085119	2.95E-12	0.55671953	0.687833489	0.000103127
SENP3pS181	FBLIM1	0.970595255	7.04E-06	0.547143527	0.335948094	0.093360943
SENP3pS181	GATAD2B	1.028923707	2.70E-05	0.548466809	0.167983827	0.412056699
SENP3pS181	HLA-F	-1.163387963	2.40E-06	-1.646806347	-0.392389234	0.052364566
SENP3pS181	IPO11	1.01684019	1.68E-05	0.553739329	0.419087679	0.041506623
SENP3pS181	IRF2BPL	0.928079369	3.35E-07	0.571583568	0.469680665	0.015481481
SENP3pS181	KLHL26	-2.253429078	3.76E-09	-3.002709869	-0.55742033	0.07481766
SENP3pS181	LRRC40	0.739193203	2.70E-05	0.394000068	0.31510062	0.116897091
SENP3pS181	MAFK	-1.178701416	2.60E-05	-1.727984257	-0.40896408	0.211700588
SENP3pS181	MSMO1	1.200806232	3.54E-11	0.845406784	0.720816813	0.000104424
SENP3pS181	MUC1	0.910022153	7.61E-06	0.51152055	0.559978508	0.002930916
SENP3pS181	NCDN	0.815759221	8.75E-06	0.456137206	0.688235656	0.000201184
SENP3pS181	NHLRC2	0.609193781	1.63E-05	0.332227024	0.630339446	0.000557344
SENP3pS181	PAF1	0.686469852	2.20E-05	0.369432293	0.578650627	0.001955814
SENP3pS181	PDLIM2	0.833448457	2.39E-05	0.446846174	0.355126828	0.075028773
SENP3pS181	PPP2R5A	0.960624172	3.23E-08	0.62006627	0.574798656	0.002130177
SENP3pS181	RAB13	0.640451799	6.51E-07	0.388158817	0.602480574	0.00112577
SENP3pS181	RGS3	-1.364015845	1.92E-06	-1.925422107	-0.59451491	0.009265253
SENP3pS181	ROCK1	0.409535342	2.86E-05	0.217704667	0.500106269	0.009276349
SENP3pS181	ST3GAL4	-1.988391191	2.51E-07	-2.744119433	-0.074585441	0.817804543
SENP3pS181	TBCD	0.591400873	1.36E-05	0.324934216	0.565446383	0.00260985
SENP3pS181	TBL1XR1	0.621884224	4.22E-06	0.356917719	0.367304899	0.064905294
SENP3pS181	UGDH	1.091949272	5.91E-06	0.619474266	0.312338786	0.120315084
ZNF768pS125	BUD13	-1.876037134	3.36E-11	-2.430643192	-0.739981144	0.009223951
ZNF768pS125	CRYBG3	-2.873434346	5.28E-07	-3.996225691	-0.638252371	0.010451556
ZNF768pS125	UTP25	-1.863750186	1.54E-05	-2.708832592	-0.799080812	0.000606612
ZNF768pS125	FEZ2	1.899621089	1.91E-06	1.117892086	0.783393935	0.012508419
ZNF768pS125	IRAK1	-1.973382376	1.07E-05	-2.851779562	-0.477344084	0.116577061
ZNF768pS125	KIF4A	-3.144659965	4.65E-11	-4.08111217	-0.821571713	0.006604143
ZNF768pS125	MNAT1	-1.385671448	6.12E-06	-1.98622133	-0.841978896	0.000591399
ZNF768pS125	STON2	-2.695172581	7.57E-06	-3.875046635	-0.469880029	0.170593614
ZNF768pS125	TSEN34	-2.035432488	9.09E-06	-2.9343961	-0.643969113	0.017532747
ZNF768pS125	TTC5	-2.410772514	8.03E-08	-3.291233965	-0.696773594	0.003895945
RANBP3pS108	HIGD2A	-1.992102586	4.33E-06	-2.841810443	-0.747359435	0.003319771
RANBP3pS108	SENP8	2.005240553	2.32E-06	1.173234408	0.801281704	0.005326303
RANBP3pS108	SHROOM4	-2.845712247	2.77E-06	-4.035689619	-0.678885026	0.064123401
JPT2pS69	IGLV2-11	-1.456974018	2.70E-08	-1.97059412	-0.889137237	0.003129458
JPT2pS69	S100A14	-1.251385023	2.82E-05	-1.837062677	-0.373058837	0.322724988
JPT2pS69	SRSF5	-0.803937749	1.89E-05	-1.172320247	-0.5389865	0.13429133
SORBS3pS530	ABCF2	-1.467155402	4.76E-06	-2.095701674	-0.613947317	2.12E-06
SORBS3pS530	CDK9	-1.857141685	8.57E-06	-2.67504321	-0.507259572	0.000170171
SORBS3pS530	CPSF7	-1.618369448	1.02E-05	-2.337197097	-0.475242851	0.000487401
SORBS3pS530	DMTN	2.830165597	5.02E-06	1.614722427	0.518916831	0.002342013
SORBS3pS530	ESRP2	-2.660050706	1.26E-07	-3.646540074	-0.632463276	9.16E-06
SORBS3pS530	GNL3	-1.314902688	1.81E-05	-1.916049914	-0.594179644	5.39E-06
SORBS3pS530	MAMDC2	3.033474009	5.32E-06	1.727235155	0.59857595	7.00E-06
SORBS3pS530	NT5C3B	3.92191903	1.18E-05	2.167699202	0.459591364	0.027361002
SORBS3pS530	PTPN12	-1.378210278	1.70E-05	-2.006278348	-0.505055353	0.000214717
SORBS3pS530	SLC4A1	2.616820609	5.39E-06	1.489313541	0.566160292	1.82E-05
SORBS3pS530	SPTA1	3.87391983	7.43E-06	2.179438617	0.524732412	9.16E-05
SORBS3pS530	UBAP2L	-1.394653218	1.06E-06	-1.95470613	-0.612305807	2.30E-06
SORBS3pS530	UBXN1	-1.43341822	2.08E-05	-2.093563659	-0.605953306	3.11E-06
SLC38A10pS802	BLNK	-0.065566693	1.20E-05	-0.094917009	-0.453107078	0.259544225
SLC38A10pS802	CCDC8	-3.77332917	1.18E-05	-5.461406377	-0.732131157	0.024911582
SLC38A10pS802	LIN9	-2.686836342	2.40E-07	-3.706276808	-0.742658877	0.034805772
SLC38A10pS802	LRRC42	-5.166341228	4.10E-29	-6.070476655	-0.901008283	0.002248652
SLC38A10pS802	MRS2	-3.811672864	2.14E-08	-5.145589747	-0.767468132	0.015766547
SLC38A10pS802	POLR2D	-1.622444926	6.43E-06	-2.327258686	-0.546053049	0.001799349
UBN1pS493	CNOT8	-1.743228847	3.85E-06	-2.482844482	-0.630890967	0.093485877
UBN1pS493	GDPGP1	1.665403286	4.85E-06	0.951363283	0.695506393	0.001935164
UBN1pS493	ITPA	1.699929934	1.07E-05	0.943130662	0.351058264	0.140555945
UBN1pS493	PKNOX1	-1.156172287	7.37E-06	-1.661671078	-0.757869487	0.006884582
UBN1pS493	PLBD2	1.176465905	9.79E-07	0.70549323	0.478006504	0.038451118
UBN1pS493	RHOB	1.520887348	6.76E-06	0.858616498	0.495952452	0.030805826
UBN1pS660	ADAP2	-1.04184369	1.44E-06	-1.465566191	-0.510932009	0.108243814
UBN1pS660	DEPDC5	-1.675136851	1.95E-05	-2.443974542	-0.628606775	0.038308129
UBN1pS660	DHRS2	-1.0194748	5.57E-07	-1.418666471	-0.700786781	0.035472657
UBN1pS660	SPP1	1.485569938	1.36E-05	0.81615095	0.632812094	0.049567278
RPRD1BpS132	DBR1	-0.704174238	9.16E-06	-1.015285864	-0.846447694	0.000263386
RPRD1BpS132	DDX59	-1.05471756	2.26E-07	-1.454051317	-0.697164825	0.03685288
RPRD1BpS132	FAIM	-1.059798324	1.07E-08	-1.422956538	-0.529612332	0.076579917
RPRD1BpS132	MCM2	-1.498918091	9.67E-06	-2.162926992	-0.581710638	0.037025563
RPRD1BpS132	MCM3	-1.134875401	8.86E-06	-1.63547693	-0.667256516	0.012717834
RPRD1BpS132	MCM4	-1.528488609	1.03E-05	-2.207762271	-0.610536328	0.026672314
RPRD1BpS132	MCM6	-1.416037343	2.21E-05	-2.07027625	-0.590663164	0.033542255
RPRD1BpS132	MCM7	-1.398564897	1.11E-05	-2.02230616	-0.633473495	0.02009999
RPRD1BpS132	PDS5A	-0.468034539	6.48E-07	-0.652376314	-0.756416519	0.002768062
RPRD1BpS132	RBBP7	-0.506584778	5.03E-06	-0.724153379	-0.737750915	0.003994469
RPRD1BpS132	RFC1	-0.905156495	8.84E-06	-1.304380214	-0.618311433	0.024289381
RPRD1BpS132	RFC3	-0.879803057	3.47E-07	-1.218201002	-0.56580039	0.04385348
RPRD1BpS132	RRM1	-1.105788839	1.71E-05	-1.609855692	-0.675017292	0.01135986
RPRD1BpS132	SMC4	-1.087237482	8.35E-06	-1.565449796	-0.669693015	0.024181809
RAI14pS667	CCDC82	-5.148955614	1.44E-08	-6.929365251	-0.671849298	0.016715093
RAI14pS667	PLA2G6	9.288730192	1.64E-05	5.063428742	0.455570749	0.217821104
TJP2pS1067	LTV1	-1.49489876	5.35E-06	-2.138750688	-0.857757523	0.006449218
TJP2pS1067	RASA3	0.848869731	1.80E-05	0.460909734	0.611512265	0.020138738
LIMD1pS384	APPL1	0.435834416	2.77E-05	0.23202743	0.276460259	0.146566546
LIMD1pS384	HMCES	-0.857868441	8.50E-06	-1.235531766	-0.521952814	0.038093823
LIMD1pS384	IGKV4-1	-1.039448035	1.05E-05	-1.501876541	-0.588021317	0.001581929
LIMD1pS384	KLHL26	-1.781996161	2.91E-05	-2.617529634	-0.777934529	0.013568722
LIMD1pS384	MBIP	1.380404299	1.05E-05	0.76631611	0.453311455	0.067629854
LIMD1pS384	NKAP	-0.704849137	6.89E-07	-0.983127519	-0.600117301	0.01802167
LIMD1pS384	TNFRSF6B	1.343612273	8.24E-06	0.753004417	0.486609903	0.108656433
GREM1pS77	DLG2	2.676429167	1.59E-06	1.58357416	0.408053884	0.116642882
GREM1pS77	ERICH5	4.089957888	5.55E-08	2.614426993	0.731687112	0.025044467
GREM1pS77	IMMP2L	2.079406515	8.08E-08	1.319804313	0.836649956	0.009605393
GREM1pS77	KAT6A	2.460800831	1.87E-05	1.333851543	0.536306481	0.006901295
GREM1pS77	PWWP3A	1.806948973	3.75E-14	1.339076903	0.786601413	0.020572458
GREM1pS77	PZP	-3.425182251	8.99E-06	-4.937100037	-0.418901251	0.175290421
GREM1pS77	RBP5	-2.194844834	4.29E-09	-2.927359617	-0.758521664	0.010984199
NDRG3pS331	KLHL26	-2.909460132	1.34E-06	-4.089048415	-0.33389062	0.190271035
BAZ1BpS1342	IGHV4-4	-2.053320897	1.21E-08	-2.759547016	-0.808429667	0.008354151
BAZ1BpS1342	SHROOM4	-1.952175669	6.76E-06	-2.802232748	-0.639289144	0.025205544
BAZ1BpS1342	TRAF3IP1	-1.803195525	1.95E-05	-2.630851951	-0.542374857	0.055494807
BAZ1BpS1342	TYSND1	-1.745986972	2.29E-05	-2.554077877	-0.330537413	0.248392173
DBNLpS232	COMMD4	0.550456922	2.57E-06	0.321039718	0.722433949	0.005283619
DBNLpS232	DDI2	0.611175235	2.96E-05	0.324384067	0.261331993	0.38844671
DBNLpS232	EPPK1	1.312250613	3.01E-07	0.810220956	0.385988618	0.192689258
DBNLpS232	CYRIA	0.76522587	4.10E-06	0.439618331	0.52615245	0.078885207
DBNLpS232	IFT20	0.516567576	1.61E-05	0.281797228	0.720787643	0.012326755
DBNLpS232	LIMS1	0.499848956	2.63E-07	0.309552229	0.735594049	0.004159505
DBNLpS232	NDRG2	0.830829079	2.44E-05	0.444988421	0.699850552	0.007740977
DBNLpS232	NSMCE4A	0.728759451	1.04E-05	0.404765489	0.423898387	0.148875372
DBNLpS232	PRCP	0.575067569	2.18E-07	0.357615076	0.607045156	0.027796529
DBNLpS232	RECQL5	-0.783350891	1.78E-07	-1.077400489	-0.771475745	0.005421462
DBNLpS232	UTP23	-0.688906484	1.18E-06	-0.9668034	-0.778332793	0.008004468
JPT1pS87	ABCB11	-3.341065056	8.06E-06	-4.808118928	-0.703175453	0.007333126
JPT1pS87	GRK3	3.839273069	6.32E-08	2.448222822	0.621371361	0.007755857
JPT1pS87	CCL20	-3.208990002	1.86E-07	-4.415426671	-0.400087983	0.285989202
JPT1pS87	CHN2	3.516589678	3.09E-08	2.271659138	0.861611459	0.001353228
JPT1pS87	CLDN10	-3.268216165	3.83E-10	-4.291317194	-0.717342469	0.029591453
JPT1pS87	FGFBP1	-1.117901559	1.40E-05	-1.62233085	-0.494654193	0.175823063
JPT1pS87	GPR155	4.423091786	1.61E-05	2.412959988	0.524179596	0.147441527
JPT1pS87	PCSK1N	1.767918987	1.09E-05	0.980284022	0.592097936	0.033007097
JPT1pS87	PDE1C	4.725841446	8.74E-07	2.842505781	0.862432655	0.005855528
JPT1pS87	SIRPB1	-1.818815982	1.46E-06	-2.559001357	-0.303631951	0.464713013
JPT1pS87	TMEM134	-1.872281997	1.25E-10	-2.442701504	-0.680664097	0.063158221
PACSIN3pS319	CD177	-1.227460413	1.91E-05	-1.790225608	-0.825013304	0.006191015
PACSIN3pS319	CD3D	-0.854169413	5.48E-10	-1.123987153	-0.621811933	0.030872464
PACSIN3pS319	KIAA0513	0.584203253	1.91E-05	0.316363236	0.70962833	0.002076112
PACSIN3pS319	ZNF546	1.036417804	2.47E-07	0.642727492	0.311150774	0.453153632
ACIN1pS243	KBTBD4	1.289955572	6.50E-07	0.781821899	0.669500169	0.069359038
ACIN1pS243	KLHL26	-2.535376377	1.70E-05	-3.690707045	-0.887250736	0.001416911
ACIN1pS243	NFAT5	-1.600941429	3.65E-06	-2.278586444	-0.385465468	0.305582908
ASAP1pS839	BCAS3	-1.259986665	1.48E-05	-1.830088347	0.001367296	0.994824592
ASAP1pS839	DENND10	0.398539951	6.32E-08	0.254144203	0.757505928	1.96E-06
ASAP1pS839	FPGT	0.885765719	5.23E-09	0.588475641	0.66127924	9.40E-05
ASAP1pS839	IFT43	-0.771333937	8.45E-06	-1.110791684	-0.329065841	0.426095467
ASAP1pS839	KLHL26	-0.913401675	4.15E-06	-1.302251181	-0.674807089	0.032300521
ASAP1pS839	ZNF280C	-1.217738282	2.71E-05	-1.786516112	-0.08062343	0.813708329
CTNND1pS230	METTL3	1.751867564	1.15E-05	0.969296016	0.435604751	0.004962429
CTNND1pS230	WDR61	0.642328335	1.52E-06	0.380542912	0.575052567	0.000103908
SYNPO2pS906	ARHGAP6	2.968218727	1.62E-15	2.238046107	0.761325212	0.028196573
SYNPO2pS906	BMPER	-12.33593438	4.22E-06	-17.59195378	-0.362763731	0.377135649
SYNPO2pS906	GAB1	-1.94932375	1.47E-06	-2.74267349	-0.62330594	0.00194112
SYNPO2pS906	MECOM	-3.155209741	3.05E-12	-4.041756519	-0.857042131	0.003153611
SYNPO2pS906	SDCCAG8	-1.954233289	1.88E-05	-2.849460748	-0.640541019	0.000319336
SYNPO2pS906	TNRC6C	4.428873473	1.18E-06	2.642425478	0.690961522	0.057741496
MAPK8IP3pS365	EXT1	0.460915427	1.80E-05	0.250244	0.529522316	0.177127394
SRRM2pS2100	CLDN4	-1.950238176	5.17E-06	-2.788877915	-0.416231579	0.305020313
SRRM2pS2100	NFYB	0.977829133	2.28E-10	0.675596964	0.808698851	0.004618543
SRRM2pS2100	COP1	-1.623784497	1.02E-05	-2.345088291	-0.607506912	0.047427527
SRRM2pS2100	SPART	0.899584184	2.63E-05	0.480153944	0.606363713	0.005918236
HDAC5pS611	SMARCA1	1.13169938	2.02E-05	0.611304012	0.66724238	0.024900029
HDAC5pS611	TOMM40L	1.170843918	1.80E-06	0.690193206	0.490968948	0.179567894
MAP3K2pS331	IGKV2-30	-2.189646313	1.30E-05	-3.173989937	-0.624368185	0.072275864
MAP3K2pS331	PIK3IP1	1.148643896	1.43E-05	0.629832054	0.625592438	0.016717844
SIT1pS102	CDK5RAP2	3.26583867	1.68E-05	1.778446841	0.370517527	0.118384946
SIT1pS102	MEST	1.992719597	1.36E-06	1.184267443	0.448542076	0.054080089
TSC22D4pS279	ADSS2	0.621088725	3.77E-08	0.399806673	0.501026242	0.017536688
TSC22D4pS279	C9orf64	0.747607015	8.20E-06	0.419061776	0.33433513	0.128313451
TSC22D4pS279	CCDC92	-1.411416709	1.83E-05	-2.056987163	-0.647690722	0.022768444
TSC22D4pS279	COMMD4	0.438851232	2.63E-06	0.255746755	0.748736576	6.11E-05
TSC22D4pS279	COPG2	0.455045137	3.44E-06	0.262951193	0.630721111	0.001649254
TSC22D4pS279	COPS8	0.338421556	2.36E-06	0.19788038	0.64568277	0.001172011
TSC22D4pS279	EPM2AIP1	0.638695173	2.77E-07	0.395063191	0.774396644	2.34E-05
TSC22D4pS279	ESD	0.428553906	1.69E-06	0.253091305	0.49116071	0.020272619
TSC22D4pS279	F13B	-0.902508319	2.37E-06	-1.277369537	-0.587029452	0.057609283
TSC22D4pS279	FAH	0.688169652	1.50E-05	0.376580381	0.555087282	0.007328121
TSC22D4pS279	DENND10	0.506002291	1.33E-14	0.37725525	0.851444898	5.04E-07
TSC22D4pS279	FTO	0.65761632	2.10E-11	0.465204542	0.729693484	0.000116179
TSC22D4pS279	GGACT	-0.778722766	8.68E-06	-1.121890894	-0.478690582	0.028143102
TSC22D4pS279	HSD11B1	-0.776571446	5.65E-07	-1.080814928	-0.581155436	0.023081196
TSC22D4pS279	HSPA1B	0.254493494	5.20E-08	0.162873003	0.805516912	6.09E-06
TSC22D4pS279	IAH1	0.541790811	1.81E-07	0.338294937	0.672340374	0.000608701
TSC22D4pS279	KLHL26	-2.156803473	4.80E-14	-2.717643152	-0.738663165	0.023010147
TSC22D4pS279	LSM5	0.573690199	6.32E-07	0.347958012	0.709113466	0.000319309
TSC22D4pS279	MPI	0.628388946	7.82E-08	0.399087139	0.56447577	0.006204872
TSC22D4pS279	MSMO1	0.746034795	5.45E-09	0.495347502	0.691923089	0.0005109
TSC22D4pS279	NAE1	0.524427782	1.53E-07	0.328611929	0.695337034	0.000327651
TSC22D4pS279	NHLRC2	0.448034797	1.38E-05	0.246049998	0.660553877	0.000819553
TSC22D4pS279	PAF1	0.525845632	1.51E-08	0.343750851	0.823492039	4.52E-06
TSC22D4pS279	PAFAH1B2	0.38763836	1.06E-05	0.215184551	0.498910735	0.018096661
TSC22D4pS279	PPM1A	0.552573641	2.53E-06	0.322411185	0.351480291	0.108709399
TSC22D4pS279	PPM1B	0.524404599	2.33E-05	0.281486427	0.595305994	0.003468275
TSC22D4pS279	PPP2R5A	0.609139227	4.20E-08	0.391368689	0.748759737	6.10E-05
TSC22D4pS279	PPP2R5E	0.494734179	2.17E-06	0.290014754	0.600733459	0.003111967
TSC22D4pS279	PPP5C	0.457576693	4.11E-10	0.314077986	0.701388462	0.000275788
TSC22D4pS279	RGS3	-0.753674468	1.70E-06	-1.062321433	-0.83846681	0.000656007
TSC22D4pS279	RNPEP	0.419518527	2.02E-06	0.246451085	0.605061687	0.002850335
TSC22D4pS279	UCHL1	0.84250178	2.99E-05	0.446935267	0.58981817	0.003862701
TSC22D4pS279	VARS1	0.305359692	9.58E-07	0.183217717	0.547404967	0.008367769
TSC22D4pS279	VPS36	0.586297995	1.01E-06	0.351293096	0.640223271	0.00133032
CCDC9pS386	CAP2	2.399257915	6.40E-06	1.357196628	-0.137836503	0.723609574
CCDC9pS386	EML1	1.77172021	9.40E-07	1.063603224	0.412322221	0.207604159
CCDC9pS386	STARD10	2.349891358	8.64E-10	1.598895086	0.675897808	0.022429159
PPP6R2pS289	FHIP1B	-0.696670617	2.38E-05	-1.019814574	-0.729414446	0.000891
PPP6R2pS289	PPP2R3A	-0.993292219	5.43E-06	-1.421399064	-0.6887574	0.058876652
EPN1pS435	AAGAB	-2.12046625	6.55E-09	-2.836773718	-0.586733944	0.016886969
EPN1pS435	CDH1	0.896423936	7.87E-06	0.503250679	0.578579214	0.001009437
EPN1pS435	KLHL26	-2.564185749	6.52E-08	-3.494193677	-0.517210352	0.070284702
KBTBD11pS107	ABL1	-2.085759797	1.89E-06	-2.943714965	-0.642309147	0.024308763
KBTBD11pS107	DTX2	1.582969168	8.22E-06	0.887236981	0.327948996	0.354915711
KBTBD11pS107	METRNL	-2.153717928	7.79E-07	-3.008137655	-0.849087285	0.001883579
KBTBD11pS107	PON2	0.811948115	3.00E-05	0.430603164	0.681547666	0.003643312
CEP152pS1461	WDR61	0.308596206	7.01E-06	0.173988329	0.572222204	0.001464031
TJP3pS856	DNAJC19	1.612549621	2.29E-05	0.866220171	0.356966567	0.062217502
TJP3pS346	ATP1B2	1.63589066	9.93E-06	0.910287822	0.563713731	0.089670279
TJP3pS346	RTP4	1.825288578	2.53E-06	1.064979425	0.593363291	0.054314741
TJP3pS346	ZNF414	-1.279629379	3.84E-12	-1.640856978	-0.733260006	0.038460986
SNAP23pS5	NLRP2	0.606345718	8.69E-07	0.364759786	0.361584737	0.338994535
EPN2pS173	AGPAT2	2.00580469	1.77E-05	1.089980999	0.55738669	0.002524347
EPN2pS173	PIAS1	2.493673811	9.64E-06	1.389147802	0.318092444	0.159950749
EPN2pS173	RGS3	-3.153920417	4.42E-09	-4.207411548	-0.691148991	0.002122344
SVILpS914	AMDHD2	1.016952511	1.59E-07	0.636707417	0.523229336	0.007276208
SVILpS914	CDC27	1.23091889	1.15E-05	0.680951073	0.581317303	0.003623564
SVILpS914	CEP97	1.3512217	2.85E-05	0.718421346	0.655720589	0.020603828
SVILpS914	FHIP1B	-1.872847377	1.57E-08	-2.522148787	-0.620608654	0.01031028
SVILpS914	DENND10	0.66397293	6.08E-08	0.423708288	0.740156362	2.34E-05
SVILpS914	FTO	0.826789207	2.72E-05	0.440571054	0.482766752	0.014511639
SVILpS914	ING5	-1.550519278	4.62E-07	-2.153332851	-0.571059377	0.108265821
SVILpS914	KIAA0513	0.797818038	5.98E-06	0.452397303	0.653038536	0.006091877
SVILpS914	KLHL26	-2.61392513	4.00E-19	-3.187190975	-0.822697101	0.012147129
SVILpS914	LRSAM1	1.099083234	1.20E-11	0.781389719	0.664214782	0.000400703
SVILpS914	MSMO1	0.755327194	3.36E-06	0.43678357	0.698104983	0.000302972
SVILpS914	NAE1	0.767893115	2.00E-06	0.451242647	0.616844187	0.001022699
SVILpS914	PPP2R5A	0.897628056	2.15E-06	0.52637132	0.620339013	0.000939114
SVILpS914	RANBP3	0.639186735	2.07E-05	0.344889109	0.39443042	0.051042657
SVILpS914	RGS3	-1.582226542	2.87E-06	-2.244888012	-0.577452049	0.038771644
SVILpS914	TBCD	0.768185484	5.44E-08	0.491230972	0.609993694	0.001205289
SVILpS914	TBL1XR1	0.602100279	3.19E-06	0.348752055	0.566078389	0.003181281
SVILpS914	UBE2K	1.155380267	2.19E-08	0.750709084	0.578055579	0.002474151
SVILpS914	UTP23	-1.076494409	1.47E-06	-1.514650017	-0.708007481	0.002148251
SVILpS914	VPS36	0.797474963	1.01E-05	0.443433785	0.648507035	0.000454532
SVILpS914	WDR61	0.342791062	4.87E-06	0.195780867	0.68113642	0.000178126
SVILpS261	AMDHD2	1.801787307	1.89E-05	0.976138311	0.362448577	0.013308494
SVILpS261	FHIP1B	-3.318220464	2.18E-06	-4.691460984	-0.502384073	0.00397612
SVILpS261	KLHL26	-4.63122621	2.73E-09	-6.15746358	-0.637248417	0.014236404
SVILpS1322	AMDHD2	0.789267416	6.40E-08	0.5031825	0.517902016	0.016179003
SVILpS1322	ARL6IP1	1.033653437	1.37E-05	0.567833757	0.649043117	0.002640896
SVILpS1322	CCDC92	-1.928156473	2.17E-05	-2.818063617	-0.752879135	0.007487483
SVILpS1322	DGKE	-0.763570074	1.13E-05	-1.104485178	-0.326635552	0.429725319
SVILpS1322	FHIP1B	-1.453536319	5.28E-12	-1.866545794	-0.789479715	0.000464771
SVILpS1322	DENND10	0.515316294	2.25E-07	0.320230263	0.749550714	9.18E-05
SVILpS1322	CYRIA	0.787657698	4.28E-06	0.451864802	0.475273515	0.034190407
SVILpS1322	FTO	0.641679699	9.03E-07	0.385627051	0.687260029	0.000814094
SVILpS1322	ING5	-1.203374131	3.23E-06	-1.70994997	-0.448572298	0.225871374
SVILpS1322	KIAA0513	0.619194873	5.55E-06	0.35205403	0.699568653	0.001231427
SVILpS1322	LRSAM1	0.853009924	5.48E-10	0.583564167	0.547725223	0.010162131
SVILpS1322	MSMO1	0.586217288	6.73E-06	0.331001222	0.715203555	0.000577223
SVILpS1322	NAE1	0.59596983	4.89E-06	0.340351158	0.583464637	0.005494267
SVILpS1322	PPP2R5A	0.696658466	1.32E-07	0.43785356	0.766347339	5.10E-05
SVILpS1322	RANBP3	0.49607947	1.46E-05	0.271779124	0.367284863	0.101446797
SVILpS1322	RGS3	-1.227982468	2.96E-08	-1.662122851	-0.777725287	0.002901709
SVILpS1322	TBCD	0.59619674	9.76E-09	0.392436783	0.660249808	0.001124709
SVILpS1322	TBL1XR1	0.467296286	2.32E-06	0.273391994	0.58537336	0.00530641
SVILpS1322	UBE2K	0.896702637	1.40E-07	0.562906363	0.470810141	0.031229521
SVILpS1322	UCHL1	1.02269827	2.78E-05	0.544374585	0.52759213	0.016814896
SVILpS1322	UTP23	-0.835478502	4.94E-06	-1.194012076	-0.700043983	0.002532826
SVILpS1322	WDR61	0.266043706	1.95E-05	0.143940683	0.641565718	0.001719792
PTMApS2	CHST6	-4.649544931	9.49E-06	-6.707380523	-0.304690756	0.335571581
PTMApS2	TMEM184A	3.637367672	4.74E-06	2.079403484	0.592643442	0.121567804
SPP1pS254	ERCC6L	-3.270547187	1.19E-05	-4.734399112	-0.963173356	0.000121438
SPP1pS254	PKP1	-3.935487994	1.77E-05	-5.732733267	-0.592713267	0.042254399
SPP1pS254	SLC22A3	-3.169096858	1.86E-05	-4.620178898	-0.767313732	0.026255088
SPP1pS254	SPPL2B	2.515830492	2.79E-05	1.339006401	0.483820644	0.079618963
SPP1pS254	TNFRSF10A	2.353607873	1.91E-05	1.27467046	0.784640148	0.021111327
SPP1pS254	TONSL	-1.771114239	1.86E-05	-2.582000106	-0.337894225	0.258832158
SRFpS221	IRF4	-3.295410938	2.81E-05	-4.837496763	-0.770470525	0.001261139
EEF2KpS474	ARVCF	2.19605128	1.24E-05	1.21139448	0.123700324	0.770417073
COL6A3pS162	PALM2AKAP2	1.465170002	3.86E-09	0.977608179	0.677672287	0.000381157
COL6A3pS162	EWSR1	1.107652941	2.74E-05	0.58998472	0.290577239	0.178598316
COL6A3pS162	GOLGB1	0.959630281	1.96E-05	0.519092416	0.556337164	0.005836067
COL6A3pS162	ITGB1	0.868193305	5.82E-09	0.57591436	0.620867288	0.001570165
COL6A3pS162	LARS2	1.445807493	1.18E-05	0.799100655	0.614366218	0.001815154
COL6A3pS162	LTBP4	2.194648036	1.12E-05	1.215315457	0.551436099	0.006381151
COL6A3pS162	MPRIP	1.284943437	1.69E-05	0.69959101	0.491096849	0.017330902
COL6A3pS162	RFTN1	1.491268193	1.24E-05	0.82247958	0.564383823	0.005025531
COL6A3pS162	SIAE	2.321121423	1.33E-05	1.276671818	0.353255038	0.098232707
COL6A3pS162	SLC44A1	1.5950619	1.12E-05	0.883401373	0.505819326	0.013800187
COL6A3pS162	SPECC1L	1.769749311	6.69E-06	0.99950624	0.464251632	0.025638583
COL6A3pS162	SYNJ2BP	0.989809809	1.04E-05	0.549715046	0.630363333	0.001263177
COL6A3pS162	SYNPO	1.916574649	2.55E-05	1.024293211	0.273439137	0.206781715
COL6A3pS162	TAX1BP3	1.591925099	5.93E-06	0.902984591	0.517196263	0.011494737
COL6A3pS162	TMEM219	1.854635642	2.90E-06	1.07749664	0.557828021	0.074559884
COL6A3pS162	TXN2	1.573965874	1.97E-05	0.85120536	0.231096676	0.288716884
COL6A3pS162	UNC93B1	2.131434587	2.06E-05	1.150506821	0.5325625	0.008891972
SPNpS336	CCT5	-0.525281983	3.32E-06	-0.746700081	-0.49212651	0.124127627
SPNpS336	DDX3X	-0.595627756	1.98E-05	-0.869229282	-0.803082246	0.00291431
SPNpS336	DPYSL2	0.823548373	5.86E-08	0.525897625	0.830384032	0.001552631
SPNpS336	EIF2S1	-0.55352149	7.04E-07	-0.77224112	-0.764442846	0.006145695
SPNpS336	EXT2	-1.591858416	9.79E-07	-2.229140011	-0.580414731	0.078545798
SPNpS336	FLNB	-0.794068281	5.33E-06	-1.136031058	-0.433909728	0.182405244
SPNpS336	GALNT2	-1.060317247	2.23E-05	-1.550353628	-0.518922745	0.101915141
SPNpS336	GLB1	-0.904612442	2.50E-05	-1.325247084	-0.695118127	0.017573177
SPNpS336	HIP1	1.045768646	2.57E-05	0.558760534	0.693910143	0.017853857
SPNpS336	NDRG2	2.139419447	2.15E-07	1.330853043	0.318249196	0.340189656
SPNpS336	PDIA3	-0.606951245	3.80E-06	-0.864336661	-0.372355478	0.259438986
SPNpS336	PPP1R12B	1.457080522	2.31E-05	0.782397785	0.678116103	0.021825081
SPNpS336	PRPF4	-0.940051951	2.86E-05	-1.38036771	-0.388867039	0.237209699
SPNpS336	RANBP2	-0.641645007	8.73E-06	-0.924476495	-0.599596662	0.051200455
SPNpS336	S100A6	2.041456287	2.25E-05	1.097466157	0.462317748	0.152221112
SPNpS336	CAVIN2	2.007956388	1.11E-05	1.11235499	0.899595781	0.000162804
SPNpS336	SFTPA2	3.211081021	2.28E-06	1.879620599	0.65194377	0.029728655
SPNpS336	SLC4A2	-2.049585897	2.70E-06	-2.905643222	-0.664502288	0.036083372
CREB1pS142	AMDHD2	1.001059008	3.97E-07	0.614084088	0.555499276	0.003218475
CREB1pS142	COMMD4	0.819231029	9.98E-06	0.455763174	0.430309505	0.022271962
CREB1pS142	DTD1	0.885652975	2.66E-05	0.472434255	0.586376501	0.00130707
CREB1pS142	EPM2AIP1	0.992778702	4.16E-06	0.570086973	0.68987326	6.85E-05
CREB1pS142	FHIP1B	-1.231012205	2.27E-06	-1.741330571	-0.576207131	0.007835504
CREB1pS142	DENND10	0.994978916	2.37E-14	0.739357106	0.673679692	8.51E-05
CREB1pS142	GNL1	0.700937502	2.28E-05	0.376549571	0.400122332	0.03487869
CREB1pS142	IGFBP2	1.2474993	1.31E-05	0.686459902	0.470510267	0.020321703
CREB1pS142	KIAA0408	-3.70080736	1.87E-05	-5.395781895	-0.067953724	0.833795487
CREB1pS142	KLHL26	-2.16220336	2.22E-14	-2.717095365	-0.746470521	0.013136223
CREB1pS142	MAP3K4	-5.049178885	4.59E-07	-7.011724828	-0.284332714	0.324514514
CREB1pS142	PPP2R5A	0.916807839	2.03E-05	0.495121311	0.548219666	0.002525363
CREB1pS142	TBCD	0.730745741	1.29E-05	0.402325059	0.490387216	0.008066138
CREB1pS142	UTP23	-0.890461552	6.38E-06	-1.277136951	-0.656802549	0.007813203
CREB1pS142	WDR61	0.519393335	5.88E-14	0.383856784	0.7114768	2.19E-05
BCL3pS374	IGSF10	3.071748455	2.03E-06	1.804366649	0.543297441	0.130598109
POLR2ApT1915	IGHV4-61	1.607048012	3.56E-08	1.035540325	0.828681498	0.000463917
POLR2ApT1915	NADSYN1	1.54677865	2.85E-08	1.00055971	0.771691064	0.003281301
POLR2ApT1915	PPP3CB	0.901354692	1.65E-05	0.491228982	0.748711497	0.003232417
RPL13pS140	ZADH2	1.555155385	1.35E-05	0.854861654	0.438678038	0.060262058
CANXpS564	AMMECR1	3.824841355	2.85E-14	2.839087026	0.796641376	0.001115377
CANXpS564	CLDN18	-4.953247038	8.40E-06	-7.132601143	-0.393812605	0.23077444
CANXpS564	ELK3	2.381657673	3.80E-07	1.462536838	0.939489292	5.45E-05
CANXpS564	FBXO9	-1.509360652	4.16E-08	-2.048815223	-0.636731584	0.065181471
CANXpS564	GAS2	1.825344007	9.91E-06	1.01576494	0.422537226	0.223796076
CANXpS564	GPR155	-2.759697274	2.62E-06	-3.910951943	-0.607130026	0.082942539
CANXpS564	KCNK5	-2.04072741	6.01E-06	-2.924419293	-0.603968983	0.022176063
CANXpS564	PIPOX	2.07192669	2.53E-09	1.39053426	0.903501235	0.002087044
CANXpS564	ZNF414	0.747628048	2.25E-07	0.464584331	0.557945893	0.150688231
NOS3pS1177	SERPINF1	0.735919366	2.80E-05	0.391602947	0.3464148	0.225000845
GPD2pS619	B4GALT7	-0.46019482	1.96E-05	-0.671432119	-0.14314244	0.735251582
GPD2pS619	PLTP	0.336556622	1.95E-05	0.182087635	0.680621021	0.063181488
NASPpS503	SYNJ1	-0.477393899	2.61E-05	-0.699895302	0.061646744	0.808006311
MCM2pS139	CDC45	-2.796340031	7.84E-07	-3.905947599	-0.683397812	0.02936054
MCM2pS139	KCTD15	-1.939734649	1.47E-05	-2.817021482	-0.559161843	0.046954669
MCM2pS139	LIN7A	-1.702668017	1.16E-05	-2.46385022	-0.460548174	0.131885049
MCM2pS139	MCM2	1.725813151	2.31E-05	0.926740484	0.703709571	2.52E-10
MCM2pS139	MCM5	1.869213523	5.50E-06	1.06308394	0.658520662	1.92E-08
MCM2pS139	MSL3	2.058325843	1.98E-06	1.209929251	0.528367182	0.09475267
MCM2pS139	PDCD7	-2.324779413	1.44E-06	-3.270228397	-0.663739483	0.025952677
MCM2pS139	PEX2	-0.761363025	2.19E-05	-1.112920736	-0.743809986	0.001477225
MCM2pS139	POLE3	1.629842843	2.83E-05	0.866805341	0.526113725	4.39E-05
MCM2pS139	SUPT5H	0.582627805	4.88E-06	0.332753583	0.533414687	9.59E-06
MCM2pS139	ZFYVE9	2.208185589	4.07E-07	1.353774156	0.459018231	0.252591904
RANBP2pS21	CEP97	-2.321053149	3.69E-06	-3.304003607	-0.739855702	0.022673686
RANBP2pS21	NEDD9	2.268759241	5.37E-07	1.381645693	0.862544942	0.005841718
RANBP2pS21	RPP25L	-1.450405844	7.68E-09	-1.942627805	-0.794825024	0.010471488
FXR2pS603	COMMD4	0.948129234	5.10E-08	0.607025615	0.491577159	0.006764006
FXR2pS603	DCTPP1	1.49734505	1.48E-07	0.938819584	0.434855467	0.020747239
FXR2pS603	DPYSL3	0.824428282	2.09E-05	0.444721027	0.369776794	0.048344244
FXR2pS603	ENAH	0.945432774	1.59E-08	0.617550665	0.496557555	0.006144925
FXR2pS603	DENND10	0.904938192	3.21E-13	0.66148144	0.712321145	1.46E-05
FXR2pS603	FBLIM1	1.134666839	1.47E-06	0.672814473	0.415780798	0.024882626
FXR2pS603	GATAD2B	1.202855263	2.52E-06	0.701904454	0.326439872	0.083932173
FXR2pS603	HLA-F	-1.360049657	5.34E-06	-1.945803252	-0.323821369	0.092759069
FXR2pS603	HSPA1B	0.38932412	7.40E-06	0.219064731	0.657944422	0.000104872
FXR2pS603	IRF2BPL	1.084963974	2.67E-08	0.702619875	0.553409833	0.001845378
FXR2pS603	LRRC40	0.864148069	7.63E-06	0.485697173	0.395628623	0.03364061
FXR2pS603	MSMO1	1.403793193	2.21E-10	0.970210829	0.690598694	4.75E-05
FXR2pS603	MUC1	1.063854326	3.87E-06	0.612368794	0.598044381	0.000611711
FXR2pS603	PDLIM2	0.974336441	1.86E-05	0.52832438	0.36092076	0.05441411
FXR2pS603	PPP2R5A	1.123010222	2.01E-07	0.69960539	0.501576211	0.005570414
FXR2pS603	RAB13	0.748715198	6.16E-07	0.454409169	0.604873291	0.000509214
FXR2pS603	RGS3	-1.594592123	4.71E-08	-2.166812116	-0.732634882	0.000822949
FXR2pS603	ST3GAL4	-2.324513268	1.77E-08	-3.133231574	-0.175744242	0.605236707
FXR2pS603	TBL1XR1	0.727008918	4.10E-07	0.445653099	0.47754352	0.008799513
FXR2pS603	UGDH	1.27653481	4.66E-06	0.730210409	0.307456397	0.104707161
SMARCA4pS1631	PGGHG	2.840026739	6.71E-33	2.374117522	0.97260831	5.03E-05
SMARCA4pS1631	FAM98B	-0.767097002	1.39E-05	-1.113128241	-0.384079891	0.094544629
SMARCA4pS1631	MEX3D	-5.005794992	4.69E-08	-6.801869758	-0.591813355	0.071491249
SMARCA4pS1631	SKP1	-0.871281817	1.76E-05	-1.269009831	-0.324004335	0.163430914
PITPNM1pS621	AAGAB	-0.889521565	4.60E-06	-1.269994397	-0.774165315	0.005161842
PITPNM1pS621	NAA38	-0.637685405	3.72E-06	-0.907829239	-0.705571815	0.050547904
PITPNM1pS621	YIPF6	0.800184246	1.12E-05	0.443078918	0.19127597	0.432785399
PITPNM1pS621	YLPM1	-1.024341907	2.14E-05	-1.496819926	-0.434224291	0.063221358
EPPK1pS2282	ACTR1A	0.286848479	3.78E-08	0.184642105	0.585762586	0.058284185
EPPK1pS2282	F3	1.374271239	4.27E-06	0.788420238	0.765564553	0.026813345
EPPK1pS2282	COPS9	0.655884747	1.80E-05	0.356146369	0.710080963	0.048442827
EPPK1pS2282	SIRT2	0.447924067	1.96E-05	0.242291151	0.651244795	0.029963859
EPPK1pS2282	TRAPPC13	0.576043213	9.38E-06	0.321240166	0.521038356	0.122510739
GTF2IpS210	FHIP1B	-0.529086377	1.26E-05	-0.766587073	-0.733812887	0.001844938
GTF2IpS210	IGHMBP2	-0.884896019	2.64E-05	-1.297564264	-0.406832877	0.16770378
GTF2IpS210	NHLRC2	0.378107125	3.80E-06	0.217764293	0.603969417	0.003738658
GTF2IpS210	PPP2R5E	0.37305597	1.41E-05	0.204687948	0.497828449	0.021645746
GTF2IpS210	WRN	-1.369134874	3.62E-06	-1.948483831	-0.82911997	0.010930174
GTF2IpS210	ZFAND2B	0.542906682	1.41E-10	0.377031047	0.707609966	0.032964612
SRPK2pS494	CFAP57	0.141415757	4.98E-07	0.086280577	0.64530279	0.083988723
SRPK2pS494	CSGALNACT1	-2.868635555	1.06E-07	-3.926307682	-0.523752036	0.098210026
SRPK2pS494	FBXL4	-2.163469462	3.47E-06	-3.077184246	-0.659907721	0.007428113
SRPK2pS494	ZMYM1	-7.341543607	9.71E-08	-10.04019149	-0.499678124	0.082092614
PLIN5pS277	ZBTB38	-0.855235068	1.41E-05	-1.241322094	-0.121174343	0.775012347
SPTBN1pT2320	PCOLCE2	2.390056861	5.53E-14	1.767032431	0.827679542	0.011196046
SPTBN1pT2320	SAA1	-4.820876458	4.44E-06	-6.879682362	-0.667830706	0.049323607
PFKPpS386	PKIB	-1.646680855	8.98E-06	-2.373530128	-0.536599897	0.0720655
PFKPpS386	PPM1M	-2.715651406	8.29E-06	-3.909686277	-0.405367908	0.279078524
PFKPpS386	DYNC2I2	-1.797328249	1.31E-05	-2.605669948	-0.785616645	0.012093175
NUCB1pT148	MEMO1	-0.830687653	7.33E-06	-1.193795097	-0.613538374	0.033851883
NUCB1pT148	SFT2D3	1.352012796	4.71E-09	0.899579416	0.779123458	0.013332874
AKAP12pS627	BLNK	0.066729894	5.88E-06	0.037863404	0.498743531	0.098836252
AKAP12pS627	BRMS1	5.655197983	1.19E-07	3.56178253	0.434663089	0.062925051
AKAP12pS627	CCDC82	4.570930168	8.59E-17	3.494502931	0.78303339	0.002596308
AKAP12pS627	CHD6	3.580640045	3.41E-07	2.204319121	0.667403234	0.009112526
AKAP12pS627	DUS1L	2.82269213	1.94E-05	1.527451183	0.521072118	0.00375098
AKAP12pS627	FBXW5	2.217304176	4.53E-09	1.476134265	0.639170651	0.018674031
AKAP12pS627	INTS8	-2.628228404	3.04E-05	-3.863292122	-0.27560926	0.043677814
AKAP12pS627	MYCT1	0.772630652	1.08E-06	0.462114716	0.571758077	0.138679894
AKAP12pS627	NBR1	4.838588721	6.86E-06	2.730197373	0.442053172	0.173408282
AKAP12pS627	PAPPA	5.455064281	5.91E-07	3.314231421	0.501287988	0.047911489
AKAP12pS627	PPP1R9A	5.291925036	4.83E-08	3.391405573	0.501887334	0.004715352
AKAP12pS627	RHBDD3	4.691136711	1.00E-06	2.811186886	0.406445961	0.075349478
AKAP12pS627	TSPAN18	2.148120161	1.68E-06	1.268841536	0.57071423	0.108528138
AKAP12pS627	VAMP8	-2.218088525	2.42E-05	-3.247691652	-0.306741809	0.018128134
AKAP12pS627	ZBTB38	6.041813475	7.76E-12	4.311278612	0.653878255	0.004410975
AKAP12pS627	ZDHHC4	4.701505022	2.27E-07	2.921233919	0.39115614	0.024391104
AKAP12pS627	ZNF638	-2.891606444	4.08E-09	-3.855301211	-0.568298419	2.66E-06
MPHOSPH10pS171	RGL1	-5.001006889	3.82E-09	-6.664690592	-0.810610584	0.014661827
MPHOSPH10pS171	SHCBP1	2.951812993	1.51E-07	1.850208244	0.787498384	0.020328897
SRSF4pS456	CERS6	-1.818053508	4.10E-06	-2.591671156	-0.70553248	0.001071277
SRSF4pS456	COPS8	0.645037219	9.89E-06	0.358983516	0.62314645	0.00067254
SRSF4pS456	FHIP1B	-1.973761156	7.43E-07	-2.755320131	-0.5835612	0.013924516
SRSF4pS456	MSMO1	1.053782468	1.26E-05	0.580892934	0.61872967	0.000976842
SRSF4pS456	PPP2R5E	1.273269982	4.89E-08	0.815819933	0.484399152	0.012151816
SRSF4pS456	SAP130	0.92959234	1.47E-05	0.509110055	0.629585427	0.00097901
SRSF4pS456	TOPBP1	-1.874530494	3.14E-06	-2.662703755	-0.913424914	0.001518743
SRSF4pS456	VPS13D	1.524403767	1.46E-07	0.95609285	0.616718451	0.001723008
AHNAKpS5125	VDAC3	0.574227134	2.61E-05	0.306591917	0.481344861	0.113111875
AHNAKpS4850	EIF1AD	-1.632699549	2.14E-05	-2.385671299	-0.400376461	0.175207552
AHNAKpS4850	CGAS	-1.660166206	1.32E-06	-2.332930259	-0.57584707	0.000869139
AHNAKpS4850	SPAG5	-1.874534943	1.12E-05	-2.710798542	-0.606720239	0.06290684
AHNAKpS4486	DENND10	0.436673933	3.51E-06	0.25215584	0.706351774	8.98E-06
AHNAKpS4486	KLHL26	-2.375744348	4.40E-10	-3.122079802	-0.654032634	0.029033496
AHNAKpS4486	LTV1	-1.116965049	2.17E-08	-1.508038757	-0.70997812	0.002060805
AHNAKpS4486	RAB13	0.509963109	2.86E-06	0.296406325	0.570620146	0.000802455
AHNAKpS4486	TBCD	0.513342463	2.29E-05	0.275749491	0.464034887	0.008550083
AHNAKpS4425	COQ9	1.693220578	7.17E-06	0.953847451	0.582407392	0.002825256
AHNAKpS4425	DYNLT3	1.637865873	1.26E-05	0.902906023	0.627549957	0.001348258
AHNAKpS4425	GRB10	-2.374765321	2.52E-05	-3.479528596	-0.506899225	0.163702651
AHNAKpS4425	XAGE1A	3.760669166	2.97E-15	2.826732379	0.703782569	0.051398161
AHNAKpS511	OCLN	1.907059856	3.11E-06	1.105574357	0.539332444	0.000274093
AHNAKpS511	RPP14	1.516268125	1.82E-06	0.893624879	0.570571143	0.00233671
AHNAKpS511	SELENOK	-2.145434963	2.19E-05	-3.136143673	-0.553175189	0.07753728
AHNAKpS3426	ARFGAP1	-0.147083651	9.04E-06	-0.212027525	-0.660392841	0.003908757
AHNAKpS3426	DGKQ	-0.226739602	1.36E-05	-0.328880406	-0.622712561	0.099138119
AHNAKpT3716	IGHV3-72	1.335530779	8.85E-07	0.803014736	0.628947741	0.094811591
AHNAKpT3716	PDAP1	0.676696385	1.33E-05	0.372124623	0.54008483	0.086336533
AP3D1pS829	ACAD8	1.391625583	8.26E-07	0.838282345	0.435135362	0.062607305
AP3D1pS829	CBR4	1.060537927	2.60E-05	0.566296627	0.415337327	0.086519172
AP3D1pS829	KCTD14	1.835634554	3.72E-09	1.225469612	0.844366441	0.004190718
AKAP13pS1929	ESYT3	-4.697890426	8.53E-14	-5.931847254	-0.782022689	0.02184405
AKAP13pS1929	MBOAT1	-5.792477549	3.10E-07	-8.011165254	-0.598179941	0.018495454
AKAP13pS1929	PLAAT3	-12.05954223	4.69E-06	-17.22234358	-0.15427361	0.691883195
TP53BP1pS635	CD34	1.185306281	6.01E-06	0.672036542	0.677940781	0.010877861
TP53BP1pS635	CREBBP	-1.079540569	5.54E-06	-1.545265453	-0.150085374	0.659598907
EPS8pS685	ANP32B	-1.492054065	9.00E-06	-2.15070689	-0.513080319	0.088021644
EPS8pS685	COA5	-2.867116794	1.22E-06	-4.025169336	-0.216381349	0.52278737
EPS8pS685	CTBS	-2.21397589	2.92E-05	-3.252146345	-0.488565602	0.107031588
EPS8pS685	LARP7	-1.854729121	1.50E-05	-2.694471877	-0.451107837	0.141036341
EPS8pS685	PIN1	-1.839578457	1.09E-05	-2.659248011	-0.031291827	0.923093219
EPS8pS685	RPL26	-2.798195942	4.51E-06	-3.993945341	-0.26405623	0.406919947
EPS8pS685	RPL28	-2.706120503	2.15E-05	-3.954573338	-0.384756423	0.216837319
EPS8pS685	RPL35	-2.081276946	2.92E-05	-3.057317709	-0.572605385	0.051676856
EPS8pS685	RPS16	-2.019950704	1.35E-08	-2.71700699	-0.411775209	0.183513054
EPS8pS685	RPS25	-2.057024778	2.15E-05	-3.006023723	-0.333041808	0.290139693
EPS8pS685	SRP19	-2.960799037	2.46E-05	-4.336298778	-0.069880009	0.829144447
EPS8pS685	UFM1	-1.772483852	1.66E-05	-2.579323903	-0.272813613	0.390940815
EPS8pS685	USP10	-1.656552341	2.29E-05	-2.42333518	-0.290896081	0.358985888
ANK3pS847	KCNK1	-0.848160361	2.49E-07	-1.170427946	-0.489390003	0.151112974
TCOF1pS967	MECOM	-4.584203658	2.23E-10	-6.000360919	-0.650259746	0.057939047
TCOF1pS967	MS4A1	2.800841037	4.77E-08	1.795396876	0.746143423	0.01319844
DCTN2pT198	EML4	1.716584596	4.32E-06	0.984438342	0.382703539	0.34941674
DCTN2pT198	NOL3	2.797077209	7.08E-06	1.576422666	0.221724658	0.597690795
DCTN2pT198	PPM1A	2.522543859	1.71E-08	1.645790173	-0.06260993	0.88291281
DCTN2pT198	PTMS	2.369018298	4.14E-06	1.360592486	0.900135968	0.002307058
DCTN2pT198	SARS1	1.155365662	6.26E-06	0.654072396	0.150413055	0.722200349
SNX1pS188	COMMD4	0.995790849	2.01E-05	0.538000336	0.532667979	0.000689005
SNX1pS188	DENND10	1.342635871	8.42E-12	0.957412121	0.622304217	3.92E-05
SNX1pS188	NCDN	1.44267551	5.92E-06	0.818355456	0.537844632	0.000861412
SNX1pS188	PAF1	1.043198772	2.09E-05	0.562699529	0.621570021	4.03E-05
SNX1pS188	TENT2	-1.912997731	1.69E-06	-2.696233377	-0.449728099	0.046644912
SNX1pS188	WDR61	0.490022919	1.18E-05	0.270765996	0.623043738	3.81E-05
SCRIBpS1475	ATP7B	-4.997547819	9.41E-06	-7.208458766	-0.803538492	0.016273618
SCRIBpS1475	ATP8B4	-3.841543303	6.88E-09	-5.141095392	-0.760065224	0.010727778
SCRIBpS1475	CCT4	-0.826606627	1.89E-06	-1.166624573	-0.557469088	0.000412375
SCRIBpS1475	EIF2S3	-1.220773228	1.03E-06	-1.710548759	-0.524327839	0.001028892
SCRIBpS1475	EIF3E	-1.26660758	1.36E-05	-1.837346764	-0.42625696	0.009534584
SCRIBpS1475	ETV3	-3.506709384	1.91E-14	-4.404394959	-0.89689987	0.002532306
SCRIBpS1475	F3	-4.622470987	1.97E-05	-6.745362073	-0.702360252	0.005096825
SCRIBpS1475	FCF1	-2.363041708	1.37E-05	-3.427950203	-0.714207822	0.01354574
SCRIBpS1475	NAA15	-2.348096074	2.57E-05	-3.441523132	-0.341522747	0.041492869
SCRIBpS1475	PEAR1	5.023203582	2.35E-08	3.260059963	0.76442177	0.00056396
SCRIBpS1475	PRMT1	-1.738291837	7.13E-06	-2.497141052	-0.345292727	0.039154509
SCRIBpS1475	SNX11	-4.203645416	3.61E-06	-5.982168704	-0.560590342	0.046274443
SCRIBpS1475	TRMT6	-2.986898007	2.60E-05	-4.378838957	-0.325950422	0.064145903
FKBP8pS296	GXYLT2	-1.931215764	2.81E-05	-2.834923344	-0.547217472	0.010246472
FKBP8pS296	KCTD3	-2.18771241	1.56E-05	-3.180096558	-0.580649642	0.047746595
FKBP8pS296	NEDD9	1.839386956	1.83E-05	0.997969371	0.590698815	0.02613195
FKBP8pS296	TENT2	-2.127332425	2.15E-05	-3.108657813	-0.685402172	0.004799064
FKBP8pS296	RIC1	-1.419974532	1.17E-05	-2.055060259	-0.895434927	0.000460216
FKBP8pS296	WDR17	-4.486694965	1.66E-06	-6.322026171	-0.670095738	0.069019552
DHX8pS460	HSPA2	0.960127642	3.40E-06	0.555010624	0.721619043	0.012178588
DHX8pS460	RCSD1	0.81055645	8.73E-06	0.453269895	0.766272678	0.02658647
DHX8pS460	SLC17A5	0.868899591	6.75E-06	0.490583764	0.820271244	0.006765011
GOLGB1pS560	TIMM17A	0.178678949	2.08E-05	0.09640222	0.872873452	0.004659014
PDIA6pS428	CHD7	-1.529773317	1.63E-05	-2.225303465	-0.435586504	0.080520215
PDIA6pS428	MPC1	-1.048777247	6.73E-08	-1.429555514	-0.656666356	0.020359155
PDIA6pS428	MTRR	0.95179387	2.10E-06	0.558522685	0.595484723	0.014940457
PDIA6pS428	PTP4A3	0.769090533	8.03E-07	0.463612161	0.789249443	0.001336804
PLECpT4030	CBLL1	1.179420335	6.36E-06	0.667324785	0.653349147	0.011283466
PLECpT4030	KLHL26	-1.349397184	1.61E-05	-1.962631411	-0.568706396	0.053661145
PLECpT4030	MAP2K6	-1.476990603	2.51E-08	-1.996498046	-0.762369093	0.000234897
PLECpT4030	PPIP5K1	-1.265779694	5.52E-10	-1.665688095	-0.806997653	0.004774544
