IV	Exposure	Outcome	ivw_Estimate	ivw_Pvalue	ivw_CILower	ivw_CIUpper	Pearson_E	Pearson_P
rs7143633; rs1958396	ARHGEF40pS1474	NADSYN1	0.890850163	0.000174151	0.425716421	1.355983905	0.665763894	0.009347618
rs7143633; rs1958396	ARHGEF40pS1474	WDR35	-0.781653559	5.04E-05	-1.15959734	-0.403709779	-0.809358707	0.014939472
rs58154675; rs4027404; rs8010699	SYNE2pS6361	ANXA8	-1.175690632	4.28E-08	-1.596278708	-0.755102555	-0.908944984	0.000685511
rs58154675; rs4027404; rs8010699	SYNE2pS6361	CDC42EP4	-0.611943084	0.000129859	-0.925366789	-0.298519379	-0.606424157	0.036573849
rs58154675; rs4027404; rs8010699	SYNE2pS6361	CDK12	-0.652428971	3.68E-06	-0.928687336	-0.376170605	-0.840610092	0.002318683
rs58154675; rs4027404; rs8010699	SYNE2pS6361	CERCAM	0.533070669	0.0001085	0.263149121	0.802992217	0.854500128	0.000807751
rs58154675; rs4027404; rs8010699	SYNE2pS6361	COQ10B	-0.835907577	2.47E-05	-1.224395359	-0.447419794	-0.588202833	0.044252473
rs58154675; rs4027404; rs8010699	SYNE2pS6361	CSNK1A1	-0.330584082	2.65E-05	-0.484807993	-0.176360171	-0.712756835	0.001942429
rs58154675; rs4027404; rs8010699	SYNE2pS6361	DYNLL2	0.427140963	0.000336836	0.193629912	0.660652015	0.516127365	0.040692071
rs58154675; rs4027404; rs8010699	SYNE2pS6361	E2F4	0.640988646	3.66E-07	0.393956539	0.888020753	0.813138363	0.007694947
rs58154675; rs4027404; rs8010699	SYNE2pS6361	FUNDC1	-0.618070065	4.08E-05	-0.913331409	-0.322808722	-0.678430443	0.015294602
rs58154675; rs4027404; rs8010699	SYNE2pS6361	GAS7	0.658496609	2.50E-05	0.352256482	0.964736737	0.804791528	0.001592059
rs58154675; rs4027404; rs8010699	SYNE2pS6361	GPNMB	0.520565481	0.000248167	0.24211311	0.799017853	0.66654617	0.004806318
rs58154675; rs4027404; rs8010699	SYNE2pS6361	IGF1R	-0.862614242	1.19E-08	-1.159147697	-0.566080788	-0.868264185	0.001120553
rs58154675; rs4027404; rs8010699	SYNE2pS6361	LIMS2	0.641494482	0.000198296	0.303615964	0.979373	0.771728419	0.001223849
rs58154675; rs4027404; rs8010699	SYNE2pS6361	LPCAT4	-0.666258581	5.66E-08	-0.906784331	-0.42573283	-0.760481547	0.004085362
rs58154675; rs4027404; rs8010699	SYNE2pS6361	MRPL16	-0.422298907	1.65E-05	-0.614427302	-0.230170513	-0.622868069	0.01312687
rs58154675; rs4027404; rs8010699	SYNE2pS6361	RAB7B	-0.802488116	1.60E-05	-1.167085037	-0.437891196	-0.721920197	0.02808623
rs58154675; rs4027404; rs8010699	SYNE2pS6361	RECK	0.637319374	3.50E-05	0.33548994	0.939148808	0.769178712	0.001300372
rs58154675; rs4027404; rs8010699	SYNE2pS6361	TACSTD2	-0.569762625	0.000252764	-0.87492221	-0.26460304	-0.654107843	0.005981069
rs58154675; rs4027404; rs8010699	SYNE2pS6361	TSPAN9	0.492486662	1.83E-05	0.267178434	0.717794889	0.783402471	0.001535216
rs58154675; rs4027404; rs8010699	SYNE2pS6361	UBE2R2	-0.631286245	7.30E-05	-0.943228986	-0.319343505	-0.671292191	0.016839632
rs58154675; rs4027404; rs8010699	SYNE2pS6361	UCK2	-0.807267568	1.24E-09	-1.06770136	-0.546833777	-0.917876785	0.00130076
rs956868; rs2286007	WNK1pS2032	ANGEL1	11.73698637	2.44E-09	7.880782774	15.59318997	0.694857556	0.017633452
rs956868; rs2286007	WNK1pS2032	CD180	-4.21624773	0.000113836	-6.357636806	-2.074858653	-0.41940648	0.007061881
rs956868; rs2286007	WNK1pS2032	IGLL1	-7.985446175	1.32E-05	-11.57791547	-4.392976878	-0.826879252	0.005974562
rs956868; rs2286007	WNK1pS2032	LATS1	4.077707982	0.000316473	1.858544258	6.296871707	0.67244244	0.006022562
rs956868; rs2286007	WNK1pS2032	LBP	-4.730792505	0.000389659	-7.344891399	-2.116693611	-0.333688643	0.030802849
rs956868; rs2286007	WNK1pS2032	LZTR1	5.327965764	6.91E-05	2.703822167	7.95210936	0.581783895	0.005664212
rs956868; rs2286007	WNK1pS2032	MGAT1	-3.101701384	0.000112267	-4.6756405	-1.527762269	-0.434425363	0.004044215
rs956868; rs2286007	WNK1pS2032	MICAL1	-4.008690453	0.00014734	-6.078738892	-1.938642014	-0.398243721	0.008999747
rs956868; rs2286007	WNK1pS2032	PCTP	8.761460649	1.34E-14	6.531987484	10.99093381	0.829863194	6.97E-05
rs956868; rs2286007	WNK1pS2032	PHF12	-6.490206061	9.58E-06	-9.36401728	-3.616394842	-0.623051785	0.013092074
rs956868; rs2286007	WNK1pS2032	SLC37A2	-6.216707412	0.000384169	-9.648264633	-2.78515019	-0.836466511	0.004943264
rs956868; rs2286007	WNK1pS2032	STAT4	4.567904412	8.66E-05	2.287171005	6.848637819	0.587712074	0.016660101
rs956868; rs2286007	WNK1pS2032	SUMF2	2.677355578	0.000207653	1.262746361	4.091964794	0.382117121	0.012516389
rs956868; rs2286007	WNK1pS2032	TRAF7	-4.595737256	0.000311319	-7.093863168	-2.097611344	-0.862381327	0.001324654
rs956868; rs2286007	WNK1pS2032	YDJC	-6.911173148	1.54E-05	-10.04500016	-3.777346138	-0.742810255	0.034748718
rs4707557; rs16882046	MDN1pS4538	COL5A3	-1.155483274	1.78E-05	-1.683239294	-0.627727254	-0.858493819	0.006353275
rs4707557; rs16882046	MDN1pS4538	GNL3	-0.938807948	5.60E-05	-1.39548037	-0.482135526	-0.55867894	0.047186234
rs4707557; rs16882046	MDN1pS4538	LCP2	-0.780597662	4.39E-05	-1.155018217	-0.406177108	-0.758379959	0.002658477
rs4707557; rs16882046	MDN1pS4538	LYAR	-0.938544674	0.000123166	-1.417617465	-0.459471883	-0.740857164	0.003765732
rs4707557; rs16882046	MDN1pS4538	ME3	1.014033619	7.60E-05	0.511736819	1.51633042	0.704604218	0.007163
rs4707557; rs16882046	MDN1pS4538	MYBBP1A	-0.675508159	6.02E-05	-1.005494354	-0.345521965	-0.615350971	0.025177341
rs4707557; rs16882046	MDN1pS4538	RRS1	-0.844272874	0.000212463	-1.29105224	-0.397493507	-0.622970006	0.022939267
rs4707557; rs16882046	MDN1pS4538	SCIN	2.178708884	3.20E-05	1.151995752	3.205422015	0.636736193	0.035146207
rs4707557; rs16882046	MDN1pS4538	SLC33A1	-1.002862328	2.09E-06	-1.41714399	-0.588580667	-0.758678438	0.002642118
rs7140044; rs9578751	PARP4pS1186	ECM2	1.867804275	0.000108563	0.922002923	2.813605628	0.857639417	0.006464693
rs7140044; rs9578751	PARP4pS1186	IGHV2-5	-2.295018572	5.01E-05	-3.404211385	-1.185825758	-0.689791458	0.027294828
rs7140044; rs9578751	PARP4pS1186	PLD1	1.195852792	0.00012064	0.586246349	1.805459235	0.70731915	0.002179495
rs7140044; rs9578751	PARP4pS1186	SDCCAG8	-1.529425064	7.50E-05	-2.28645834	-0.772391789	-0.780197481	0.013122196
rs760644; rs235468	PRRC2CpS1246	AP1S3	1.02693329	1.03E-05	0.570499326	1.483367254	0.786385357	0.020631396
rs760644; rs235468	PRRC2CpS1246	ARF5	-0.78224724	0.000354321	-1.211472906	-0.353021574	-0.684042807	0.042143108
rs760644; rs235468	PRRC2CpS1246	ATG2B	-1.002599947	0.000256739	-1.540170925	-0.46502897	-0.717644998	0.029490387
rs760644; rs235468	PRRC2CpS1246	CD40	0.940112105	0.000134348	0.457551267	1.422672943	0.818099798	0.007039523
rs2227277; rs2229840	NCOR2pS1778	ERBB2	0.664448261	2.96E-05	0.352643179	0.976253344	0.77843355	0.00476879
rs2227277; rs2229840	NCOR2pS1778	MICALL1	0.62367134	0.000232131	0.291613717	0.955728962	0.829174694	0.005715435
rs2227277; rs2229840	NCOR2pS1778	MRPL53	0.405485361	0.000409532	0.180593651	0.63037707	0.750221588	0.01243733
rs2227277; rs2229840	NCOR2pS1778	NDUFB5	0.563573157	1.68E-05	0.306911649	0.820234666	0.692329375	0.018225983
rs2227277; rs2229840	NCOR2pS1778	PLEKHA2	-0.526220237	4.91E-08	-0.715302083	-0.33713839	-0.853449728	0.007029129
rs2227277; rs2229840	NCOR2pS1778	SERAC1	0.85655521	0.000131297	0.41753542	1.295575001	0.752967742	0.031050224
rs2227277; rs2229840	NCOR2pS1778	SLC12A6	0.603456491	3.51E-06	0.348480337	0.858432645	0.911565528	0.001616387
rs2227277; rs2229840	NCOR2pS1778	SMARCA4	0.541372359	1.72E-06	0.319578705	0.763166014	0.768875506	0.005681473
rs2227277; rs2229840	NCOR2pS1778	TRAP1	0.321879967	0.000145558	0.155796394	0.48796354	0.740384928	0.009165527
rs2227277; rs2229840	NCOR2pS1778	TSPAN13	0.772899391	3.40E-05	0.40742792	1.138370862	0.823025921	0.00185854
rs61734378; rs4075254	AKAP13pS2709	DPCD	-0.960833714	2.41E-06	-1.360153476	-0.561513952	-0.678947858	0.044321849
rs61734378; rs4075254	AKAP13pS2709	SLC39A8	1.336374332	2.85E-07	0.82607977	1.846668893	0.765717808	0.009824647
rs2614668; rs4075254	AKAP13pT2411	FAF2	0.742069979	0.000291176	0.340629284	1.143510673	0.654269155	0.011130254
rs2614668; rs4075254	AKAP13pT2411	LAS1L	1.218312812	0.000263413	0.563902046	1.872723577	0.579496072	0.029863912
rs2614668; rs4075254	AKAP13pT2411	PRKAG2	-1.547227303	5.68E-05	-2.300500198	-0.793954407	-0.77548448	0.014063518
rs2614668; rs4075254	AKAP13pT2411	SPATS2	1.653809132	0.000297851	0.757690444	2.54992782	0.691591131	0.008829077
rs2614668; rs4075254	AKAP13pT2411	TMEM168	1.43523692	0.000392614	0.641721258	2.228752582	0.715111714	0.004041758
rs2614668; rs4075254	AKAP13pT2411	TSPYL5	2.673720325	4.21E-09	1.781854903	3.565585747	0.873378232	0.002097033
rs2614668; rs4075254	AKAP13pT2411	ZDHHC20	1.882938642	4.89E-06	1.075296644	2.69058064	0.805538042	0.004911361
rs10821668; rs41274672	ANK3pS847	CERS6	-1.068035632	0.000116553	-1.611292074	-0.52477919	-0.648541876	0.002667892
rs10821668; rs41274672	ANK3pS847	CSNK1G2	0.694748183	0.000285422	0.319441553	1.070054813	0.543691832	0.024077352
rs10821668; rs41274672	ANK3pS847	DCAF10	1.258455439	7.05E-05	0.637898904	1.879011973	0.642471706	0.04515149
rs10821668; rs41274672	ANK3pS847	MRM2	-0.633522668	0.000389246	-0.98356133	-0.283484005	-0.823715419	0.0033953
rs10821668; rs41274672	ANK3pS847	FZR1	2.864607037	3.64E-08	1.845130127	3.884083946	0.803747058	0.009046621
rs10821668; rs41274672	ANK3pS847	PTCD1	0.798586778	0.000214	0.375775226	1.22139833	0.685298515	0.001203127
rs55895668; rs7822511	PLECpS4616	ACAT1	0.56495982	0.000233516	0.264037606	0.865882034	0.77812339	0.022964588
rs55895668; rs7822511	PLECpS4616	ADIPOQ	1.242611218	3.68E-05	0.652395368	1.832827068	0.729761372	0.039878759
rs55895668; rs7822511	PLECpS4616	ARPIN	-1.203652617	1.57E-11	-1.553612474	-0.853692761	-0.796385028	0.018012606
rs55895668; rs7822511	PLECpS4616	ASPH	0.594072695	4.29E-05	0.309473894	0.878671497	0.734293355	0.038048198
rs55895668; rs7822511	PLECpS4616	ATP6V1D	-0.530774435	1.53E-05	-0.771373451	-0.29017542	-0.834931776	0.009898154
rs55895668; rs7822511	PLECpS4616	B4GALT1	-1.393359916	7.36E-09	-1.865636456	-0.921083375	-0.773775799	0.024255241
rs55895668; rs7822511	PLECpS4616	CHMP1B	-1.053680159	0.000158999	-1.600518157	-0.506842161	-0.809450107	0.01491909
rs55895668; rs7822511	PLECpS4616	EIF2S3	-0.388359836	0.000198199	-0.592904208	-0.183815465	-0.77103453	0.025091627
rs55895668; rs7822511	PLECpS4616	ERBIN	0.55803594	0.000395476	0.249341539	0.86673034	0.759911091	0.028667551
rs55895668; rs7822511	PLECpS4616	FN3K	0.961637632	5.96E-05	0.492132048	1.431143217	0.770771124	0.02517292
rs55895668; rs7822511	PLECpS4616	HLA-DRA	0.743381285	0.0002867	0.341675097	1.145087472	0.810468929	0.014693079
rs55895668; rs7822511	PLECpS4616	METAP1	-0.603300137	1.70E-05	-0.878212268	-0.328388007	-0.752179075	0.031328285
rs55895668; rs7822511	PLECpS4616	NDUFB11	0.860368766	0.000134738	0.418657392	1.30208014	0.791697663	0.019212562
rs55895668; rs7822511	PLECpS4616	NDUFS1	0.512120366	9.76E-09	0.337093831	0.687146902	0.809690007	0.014865677
rs55895668; rs7822511	PLECpS4616	NDUFV1	0.379118572	0.000127479	0.185173254	0.573063891	0.81626418	0.013448437
rs55895668; rs7822511	PLECpS4616	PEX3	0.988802295	5.83E-06	0.561226118	1.416378472	0.730907545	0.039410848
rs55895668; rs7822511	PLECpS4616	PUM2	-0.825242601	4.09E-05	-1.219520039	-0.430965163	-0.753329237	0.03092328
rs55895668; rs7822511	PLECpS4616	RAB1A	-0.564981087	0.000111514	-0.851555305	-0.278406868	-0.854383427	0.006900721
rs55895668; rs7822511	PLECpS4616	RPL13A	-0.538880673	9.92E-05	-0.81020835	-0.267552996	-0.870342237	0.004933075
rs55895668; rs7822511	PLECpS4616	RPL35A	-1.19762455	5.50E-08	-1.629574278	-0.765674822	-0.760430884	0.028493874
rs55895668; rs7822511	PLECpS4616	RPS2	-0.666763441	8.71E-06	-0.960640993	-0.372885888	-0.717846816	0.044943011
rs55895668; rs7822511	PLECpS4616	RPS3	-0.434407177	3.17E-06	-0.617144731	-0.251669623	-0.73363931	0.038309152
rs55895668; rs7822511	PLECpS4616	RPS7	-0.744545551	5.00E-08	-1.012240479	-0.476850622	-0.721252301	0.04345802
rs55895668; rs7822511	PLECpS4616	USP16	-0.900776981	0.000211592	-1.377323692	-0.424230269	-0.718968167	0.044450703
rs55895668; rs7822511	PLECpS4616	VPS37B	-0.69615378	4.48E-06	-0.993569643	-0.398737918	-0.882716255	0.003686782
rs55895668; rs7822511	PLECpS4616	WNK1	-0.968162266	1.70E-07	-1.330995421	-0.605329111	-0.788168182	0.020148199
rs55895668; rs7822511	PLECpS4616	YWHAG	-0.565553528	3.71E-07	-0.783615563	-0.347491493	-0.814276798	0.013867462
rs57348436	FKBP15pS1161	MADD	-2.434480409	0.000125362	-3.678548661	-1.190412156	-0.774043098	0.014360177
rs57348436	FKBP15pS1161	PIK3R2	1.838471356	0.000118021	0.902588355	2.774354358	0.885598345	0.001488437
rs57348436	FKBP15pS1161	TOMM20	3.115114542	4.92E-05	1.611104143	4.619124942	0.783012891	0.002597439
rs7143633; rs1958396	ARHGEF40pS1474	CST3	0.748990521	7.55E-05	0.378110234	1.119870808	0.645514383	0.00691867
rs229587	SPTBpS2125	AQP4	1.710194193	0.000223	0.802166174	2.618222213	0.725758904	0.026863396
rs229587	SPTBpS2125	GSN	-0.325995116	0.00028431	-0.502050464	-0.149939767	-0.727703208	0.007302998
rs229587	SPTBpS2125	LYAR	-0.707706489	9.88E-05	-1.063956608	-0.35145637	-0.924754474	4.61E-05
rs229587	SPTBpS2125	SLC5A6	1.590324689	1.02E-05	0.883916247	2.296733131	0.786051014	0.020722808
rs229587	SPTBpS2125	TUBGCP4	1.289008164	3.79E-05	0.67577104	1.902245288	0.75088718	0.007738598
rs1131296	COL6A3pS1654	IFT20	1.367099563	1.43E-10	0.949242393	1.784956732	0.879325274	0.004005259
rs3753565	TPRpS379	GTF2E2	-1.266471026	0.000202509	-1.934481591	-0.598460461	-0.640577352	0.00418205
rs3753565	TPRpS379	WDR19	-1.032847208	0.000173589	-1.572004538	-0.493689878	-0.696658924	0.01721977
rs160277	VCANpS1351	AHNAK	4.354862069	3.65E-05	2.287329243	6.422394896	0.735926322	0.037401406
rs160277	VCANpS1351	CAPN1	-2.815174183	0.000227801	-4.31208976	-1.318258606	-0.738671955	0.036329103
rs160277	VCANpS1351	CDH13	6.977890795	3.29E-10	4.801638357	9.154143233	0.957738513	0.000182771
rs160277	VCANpS1351	CSPG4	9.039163624	9.41E-05	4.502616896	13.57571035	0.734419343	0.037998056
rs160277	VCANpS1351	DCPS	-5.224397949	9.55E-05	-7.848724428	-2.600071471	-0.735521025	0.037561307
rs160277	VCANpS1351	GALE	-6.221242671	5.05E-05	-9.22960934	-3.212876001	-0.809866619	0.014826431
rs160277	VCANpS1351	HDAC6	-4.298042019	0.00018684	-6.552756224	-2.043327814	-0.937653157	0.000577898
rs160277	VCANpS1351	MGMT	-5.705064129	0.000227412	-8.738266244	-2.671862014	-0.726105955	0.041393521
rs160277	VCANpS1351	PCMTD1	6.765871583	8.09E-05	3.401516035	10.13022713	0.937862241	0.000572195
rs160277	VCANpS1351	PSMD6	-3.032208589	0.000201853	-4.631218879	-1.433198299	-0.799164481	0.017323786
rs160277	VCANpS1351	PSME1	-3.653236048	0.000175471	-5.561637918	-1.744834177	-0.763164315	0.027591231
rs160277	VCANpS1351	RNASE3	12.27986078	0.000259089	5.691467982	18.86825357	0.741342624	0.035304283
rs160277	VCANpS1351	SMAD2	6.837658029	2.11E-05	3.68678447	9.988531588	0.79610597	0.018082693
rs160277	VCANpS1351	STRIP1	-3.48394985	0.000185696	-5.310842663	-1.657057038	-0.841301163	0.008840638
rs160277	VCANpS1351	TFCP2	4.945591126	4.10E-06	2.841334891	7.049847362	0.923598689	0.001052007
rs160277	VCANpS1351	TSPO	-11.19550729	2.49E-06	-15.85503808	-6.535976506	-0.714433997	0.046461562
rs160277	VCANpT2115	DSC2	-1.501520104	0.000312705	-2.317969574	-0.685070633	-0.740338316	0.009172257
rs160277	VCANpT2115	MMP1	-1.420349859	5.19E-05	-2.108268778	-0.732430939	-0.856646132	0.006595784
rs160277	VCANpT2115	NEDD1	0.956237292	8.88E-08	0.60580821	1.306666374	0.890546494	0.003014939
rs6929069	DSPpS176	CEACAM1	1.945348033	0.000313307	0.887421331	3.003274735	0.768467671	0.001322377
rs6929069	DSPpS176	KCTD14	1.719006887	0.000114809	0.84546972	2.592544055	0.863706246	0.001276508
rs6929069	DSPpS176	MEN1	1.71114936	0.000368614	0.769494164	2.652804555	0.779058186	0.002822576
rs6929069	DSPpS176	PPHLN1	2.017953365	0.00010833	0.996259299	3.03964743	0.801088161	0.009456588
rs6929069	DSPpS176	PRPF40B	1.765740417	0.000231404	0.825821798	2.705659036	0.775437045	0.023756904
rs7560262	GCFC2pS96	DDX19B	2.213521701	1.12E-05	1.226025443	3.201017959	0.794312941	0.002029068
rs7560262	GCFC2pS96	NFKBIE	2.473979627	6.33E-07	1.500473485	3.44748577	0.650043908	0.022117731
rs7560262	GCFC2pT97	CBR1	-1.204620287	0.000372152	-1.867996869	-0.541243706	-0.744575724	0.003505376
rs7560262	GCFC2pT97	DDX19B	2.213521701	2.39E-05	1.186743715	3.240299687	0.751142854	0.004862326
rs7560262	GCFC2pT97	NFKBIE	2.473979627	3.14E-06	1.433692054	3.514267201	0.576884153	0.049559146
rs754615	CASTpS563	NDRG2	1.004609058	3.00E-05	0.532796974	1.476421143	0.783326641	0.021477082
rs754615	CASTpS563	SDC1	0.735697566	4.60E-05	0.381855064	1.089540068	0.712404801	0.047378937
rs754615	CASTpS243	ATG4C	-1.895043742	0.0001256	-2.863566723	-0.926520761	-0.762466979	0.016895769
rs754615	CASTpS243	RERE	-1.209519914	0.000258371	-1.858325283	-0.560714546	-0.951041335	0.000282712
rs754615	CASTpS243	SAMD1	-1.837907852	0.000312127	-2.837134467	-0.838681237	-0.67870511	0.044427422
rs754615	CASTpS243	SAP30L	1.903154012	0.000304411	0.870315797	2.935992227	0.716260171	0.013156589
rs754615	CASTpS440	KAT2A	-3.193464178	1.16E-05	-4.620769136	-1.76615922	-0.856867293	0.00656645
rs754615	CASTpS440	TMEM184A	8.510214722	0.000225327	3.988478698	13.03195075	0.800886721	0.016905375
rs754615	CASTpS364	ATF6B	-5.240215396	0.000270607	-8.060326286	-2.420104506	-0.786608686	0.002404869
rs754615	CASTpS364	SPI1	-2.483595479	0.000256138	-3.815023391	-1.152167568	-0.749220734	0.012621195
rs754615	CASTpS364	UBA52	6.14031955	7.64E-06	3.450993034	8.829646066	0.825970125	0.006079366
rs754615	CASTpS366	PPM1M	-7.364788809	0.000154874	-11.1803481	-3.549229523	-0.788023166	0.011654146
rs754615	CASTpS366	RERG	-3.243519662	0.000158791	-4.926692949	-1.560346375	-0.75914373	0.028925139
rs754615	CASTpS366	SEMA3A	-4.313164042	0.000232123	-6.609591048	-2.016737035	-0.82949139	0.001587574
rs754615	CASTpS366	ZNF460	-6.058140521	0.000312361	-9.351984798	-2.764296244	-0.725931654	0.017456551
rs3745298	HRCpS145	ALG8	3.670590439	1.43E-05	2.012808649	5.328372229	0.756252607	0.001104535
rs3745298	HRCpS145	CSGALNACT2	2.922730424	6.79E-05	1.484666004	4.360794845	0.728889373	0.004706332
rs3745298	HRCpS145	DHRS7	1.604402065	0.000424907	0.71210016	2.496703971	0.771048232	0.000179703
rs3745298	HRCpS145	ROR2	4.187044309	0.000273011	1.93230547	6.441783148	0.676165473	0.011168671
rs3745298	HRCpS145	SLC35B2	1.98763396	0.000280072	0.915346881	3.059921039	0.756057525	0.000283468
rs3745298	HRCpS145	SPATS2	3.357033437	3.41E-07	2.066685803	4.647381071	0.848459406	6.38E-05
rs3745298	HRCpS145	ZNF740	-2.879138126	0.00016744	-4.378475637	-1.379800614	-0.839044095	0.004688346
rs1060407	MAP4pS510	CRISPLD2	2.860752064	0.00032252	1.301747068	4.419757061	0.763597668	0.010156846
rs1060407	MAP4pS825	EIF5A2	3.291722614	1.93E-06	1.936534844	4.646910383	0.767320779	0.026252854
rs1060407	MAP4pS825	LIPH	-3.511933571	5.31E-07	-4.884556972	-2.139310169	-0.870126677	0.000495994
rs1060407	MAP4pS825	UBA52	3.415078918	8.65E-06	1.910410681	4.919747155	0.791974733	0.019140285
rs1060407	MAP4pS825	USP13	2.094852019	0.000105859	1.035761404	3.153942634	0.672999382	0.032943665
rs1060407	MAP4pT571	ITGBL1	1.667760502	0.000170754	0.798126271	2.537394733	0.658611188	0.038375093
rs1060407	MAP4pT571	PLPP2	2.205854277	2.57E-07	1.366770472	3.044938082	0.768536432	0.025869161
rs1060407	MAP4pT687	ITGBL1	1.339917786	3.38E-06	0.774668814	1.905166759	0.830747044	0.005542429
rs5742915	PMLpS565	CACUL1	2.805924104	2.22E-05	1.509368836	4.102479373	0.844384396	0.008355727
rs5742915	PMLpS565	CCDC8	-7.979209935	2.81E-19	-9.721517218	-6.236902653	-0.968444241	7.67E-05
rs5742915	PMLpS565	IFT172	-5.224405292	0.000373226	-8.10206345	-2.346747133	-0.759029601	0.006749683
rs5742915	PMLpS565	IGHE	-7.622298006	0.000163703	-11.58574308	-3.658852935	-0.78894835	0.019938991
rs5742915	PMLpS565	SNX24	-3.937231458	4.46E-05	-5.827589943	-2.046872973	-0.829122204	0.010929765
rs621679	LSP1pS141	DENND5A	-2.501329627	2.47E-05	-3.663631311	-1.339027944	-0.872289373	0.004721362
rs4963	ADD1pS355	COMMD10	0.545073485	9.02E-05	0.272224775	0.817922195	0.840654946	0.002316207
rs4963	ADD1pS355	COMP	2.170290729	0.000215895	1.020536321	3.320045136	0.720122166	0.018837892
rs4963	ADD1pS355	ENO2	0.752327714	6.54E-05	0.382985458	1.121669971	0.835462413	0.00136467
rs4963	ADD1pS355	FRY	1.408350678	0.000101891	0.698035267	2.118666089	0.779790793	0.013201707
rs4963	ADD1pS355	GZMK	-1.14665974	5.12E-05	-1.701549575	-0.591769904	-0.851568157	0.003576735
rs4963	ADD1pS355	SCAMP4	0.926540068	0.000384129	0.415103582	1.437976553	0.764486322	0.006141011
rs10177248	ARHGAP25pS362	BNIP2	-1.784889113	4.99E-05	-2.647413677	-0.922364548	-0.774947425	0.014173568
rs10177248	ARHGAP25pS362	METRNL	-2.743637765	8.55E-05	-4.112450793	-1.374824737	-0.786152777	0.011994421
rs10177248	ARHGAP25pS362	SLC37A2	-2.360749399	0.000120327	-3.56398254	-1.157516259	-0.787964126	0.020203142
rs2071496	MKI67pS308	SRPK1	-0.640782845	4.01E-06	-0.913152148	-0.368413543	-0.902969972	0.002120829
rs2071496	MKI67pS308	WFS1	0.594748515	0.00035913	0.268082026	0.921415004	0.75558841	0.030137163
rs951781	NESpS1347	CERS6	-0.296929062	1.08E-10	-0.387075621	-0.206782504	-0.960067542	7.48E-07
rs951781	NESpS1347	DENND10	0.153924449	0.000291229	0.0706542	0.237194698	0.802293024	0.000184373
rs951781	NESpS934	MINDY3	-2.101203416	6.63E-05	-3.133564598	-1.068842234	-0.876291384	0.004304764
rs951781	NESpS934	TUBB1	-4.34185709	8.86E-05	-6.512766021	-2.170948158	-0.787804486	0.003983716
rs34193571	RASGRF2pS746	GAB1	-1.833787216	0.000111272	-2.763807845	-0.903766587	-0.811301529	0.000761743
rs34193571	RASGRF2pS746	NOP53	-2.366738701	0.000340359	-3.661577525	-1.071899877	-0.774282008	0.014310719
rs34193571	RASGRF2pS746	PTPN18	1.98315228	1.27E-06	1.1806798	2.785624761	0.908515651	0.00069659
rs8178245	PRKDCpS3205	EHF	2.914005111	0.000358734	1.313613307	4.514396914	0.75236082	0.019339379
rs7565062	SCN7ApS905	AURKA	-6.91683607	6.42E-06	-9.921422763	-3.912249377	-0.882674672	0.003690585
rs7565062	SCN7ApS905	BRI3	3.919307128	0.000173213	1.873682124	5.964932131	0.849058253	0.003783165
rs7565062	SCN7ApS905	CHRD	4.847235681	0.000306903	2.215108415	7.479362947	0.785495026	0.000186528
rs35344714	SCN7ApS911	ARFGEF1	-1.085457078	2.07E-05	-1.585213826	-0.585700329	-0.840557367	0.008960232
rs35344714	SCN7ApS911	IFT20	0.852886758	5.72E-05	0.437471297	1.26830222	0.891797055	0.002915614
rs35344714	SCN7ApS911	TOR1B	-1.268925113	0.000382729	-1.969163605	-0.56868662	-0.752613513	0.031174926
rs35344714	SCN7ApS911	USP25	-1.946128689	2.66E-07	-2.687295963	-1.204961415	-0.809038271	0.015011067
rs7565062	SCN7ApS914	AKAP17A	2.621025074	0.000173732	1.252746464	3.989303685	0.850853143	0.003634734
rs7565062	SCN7ApS914	ARGLU1	-3.702261271	0.000422852	-5.760555264	-1.643967278	-0.701723731	0.03512116
rs7565062	SCN7ApS914	DDX50	1.795239037	0.000398654	0.801556424	2.788921651	0.798494485	0.003209705
rs7565062	SCN7ApS914	DNAJB4	2.87856859	0.000329084	1.307562301	4.449574878	0.748660036	0.00802659
rs7565062	SCN7ApS914	ITPRIP	2.576457258	5.01E-06	1.470118841	3.682795675	0.823666214	0.006350557
rs7565062	SCN7ApS914	MCM2	5.212156961	0.000241236	2.429656925	7.994656997	0.693695264	0.026083713
rs7565062	SCN7ApS914	MORC2	-3.29100065	0.000414473	-5.117906463	-1.464094836	-0.822533308	0.006486882
rs7565062	SCN7ApS914	MSN	-1.419243718	0.000178082	-2.161370376	-0.67711706	-0.689540736	0.018895929
rs7565062	SCN7ApS914	MVB12A	2.937982325	0.000309783	1.341538196	4.534426454	0.657673498	0.038748694
rs7565062	SCN7ApS914	TMTC3	2.078674789	0.000307935	0.949648254	3.207701325	0.732343302	0.010380908
rs7565062	SCN7ApS914	ZBTB8OS	-2.046206623	0.000426299	-3.184501689	-0.907911557	-0.805595513	0.004905922
rs28362581	AMPD2pS190	ZDHHC18	6.672358059	8.75E-05	3.338590666	10.00612545	0.821372409	0.012408285
rs10872670	AKAP12pS219	ARHGAP12	-2.239171069	6.68E-05	-3.339781589	-1.138560549	-0.675068865	0.005756647
rs10872670	AKAP12pS219	IGLV3-19	-6.425495485	1.76E-06	-9.060755468	-3.790235502	-0.600220905	0.013962659
rs10872670	AKAP12pS219	RABGAP1L	-2.569841678	2.65E-05	-3.768618002	-1.371065354	-0.705822587	0.001063952
rs10872670	AKAP12pS219	SLU7	-2.51821167	1.91E-05	-3.672546438	-1.363876902	-0.711744149	0.031502722
rs10872670	AKAP12pS219	STXBP4	-2.474387115	8.06E-05	-3.704464084	-1.244310145	-0.78055307	0.004582031
rs10872670	AKAP12pS219	VPS52	-1.101755859	3.01E-05	-1.619267073	-0.584244644	-0.802530893	2.06E-05
rs10872670	AKAP12pS219	ZC2HC1A	3.097438601	1.97E-11	2.192470527	4.002406676	0.828598046	0.000867074
rs34713284	AKAP12pS629	PGGHG	-6.522410212	9.85E-05	-9.80515434	-3.239666085	-0.823198176	0.006406638
rs900654	AKAP12pS283	KLC4	-2.598603381	7.00E-05	-3.879502646	-1.317704116	-0.773596784	0.000269355
rs900654	AKAP12pS283	L1TD1	5.002367054	4.50E-05	2.59928217	7.405451938	0.863516627	0.002699207
rs900654	AKAP12pS283	MORC2	-5.251060828	8.10E-05	-7.862200926	-2.639920731	-0.767068011	0.002213405
rs900654	AKAP12pS283	TALDO1	-2.205876238	0.000145892	-3.344234355	-1.067518122	-0.753021705	0.000484545
rs900654	AKAP12pS283	TBC1D9B	-1.965145673	0.000419961	-3.057117174	-0.873174173	-0.70542831	0.00155901
rs900654	AKAP12pT285	ADH5	-1.669554544	0.000214911	-2.553756958	-0.78535213	-0.681171385	0.021012144
rs900654	AKAP12pT285	AK1	-2.96963994	0.000308336	-4.582742783	-1.356537097	-0.661251379	0.026719218
rs900654	AKAP12pT285	ANKFY1	-1.251394892	6.92E-05	-1.867808654	-0.63498113	-0.745330722	0.008471594
rs900654	AKAP12pT285	CAPS	-4.642705942	0.000325663	-7.174588052	-2.110823831	-0.863439244	0.002704353
rs900654	AKAP12pT285	CBR1	-2.091166634	3.96E-06	-2.979617747	-1.202715521	-0.792188572	0.003651268
rs900654	AKAP12pT285	COG8	-2.513284513	0.000358617	-3.893564845	-1.13300418	-0.746373126	0.013154727
rs900654	AKAP12pT285	DIAPH2	-3.580427398	5.81E-07	-4.984657237	-2.176197559	-0.745393969	0.008462977
rs900654	AKAP12pT285	FNTA	-2.398580878	6.45E-05	-3.575091518	-1.222070237	-0.68133887	0.020968214
rs900654	AKAP12pT285	GNPTAB	2.99142806	4.12E-05	1.561620432	4.421235689	0.830781632	0.002908977
rs900654	AKAP12pT285	GPS1	-1.379419443	0.000325212	-2.131605011	-0.627233875	-0.757134637	0.006971046
rs900654	AKAP12pT285	GSR	-2.084731857	5.61E-05	-3.098990486	-1.070473227	-0.761078691	0.006516161
rs900654	AKAP12pT285	GSS	-2.101376822	0.000304228	-3.24174115	-0.961012493	-0.60905554	0.046711965
rs900654	AKAP12pT285	HNMT	-3.420149082	1.87E-05	-4.986517821	-1.853780343	-0.704803159	0.015435847
rs900654	AKAP12pT285	IDE	-1.683722727	0.000247825	-2.584265402	-0.783180052	-0.888546426	0.000256184
rs900654	AKAP12pT285	IFT27	-2.337850825	3.17E-05	-3.4391397	-1.23656195	-0.812202533	0.004308783
rs900654	AKAP12pT285	IMPA1	-2.367703825	9.38E-05	-3.555775671	-1.179631979	-0.733580842	0.010186663
rs900654	AKAP12pT285	IMPACT	-4.782277186	4.79E-07	-6.644047719	-2.920506653	-0.72137776	0.02826191
rs900654	AKAP12pT285	INPP1	-2.492182452	0.000224776	-3.816131199	-1.168233704	-0.650575552	0.041656489
rs900654	AKAP12pT285	ITM2B	2.992514694	0.00021846	1.40588486	4.579144527	0.733624937	0.010179791
rs900654	AKAP12pT285	KDM2A	4.557768778	0.00016808	2.183667349	6.931870208	0.705652151	0.015257868
rs900654	AKAP12pT285	KLC4	-2.429715973	9.04E-05	-3.646098357	-1.213333589	-0.655553951	0.02853447
rs900654	AKAP12pT285	MPI	-3.38993232	1.30E-06	-4.762663	-2.01720164	-0.716350952	0.019774035
rs900654	AKAP12pT285	MRPL38	2.611248837	0.000118354	1.281741031	3.940756642	0.771494201	0.00895849
rs900654	AKAP12pT285	NUBP1	-2.248180327	0.00029136	-3.464442713	-1.03191794	-0.629648976	0.037892121
rs900654	AKAP12pT285	OTUB1	-2.000309384	3.72E-05	-2.950901039	-1.049717728	-0.792047444	0.003661638
rs900654	AKAP12pT285	PMM2	-2.989747417	9.88E-05	-4.494789816	-1.484705018	-0.653635685	0.029164708
rs900654	AKAP12pT285	PPCS	-2.761161289	0.000265578	-4.245161229	-1.277161349	-0.677454368	0.022004056
rs900654	AKAP12pT285	PRDX5	-1.669181375	0.000119699	-2.519650707	-0.818712042	-0.757843634	0.00688761
rs900654	AKAP12pT285	PTPN23	-1.577924794	4.79E-06	-2.254097691	-0.901751898	-0.734704075	0.010012658
rs900654	AKAP12pT285	QDPR	-1.988350929	4.14E-06	-2.834746594	-1.141955264	-0.754043235	0.00734352
rs900654	AKAP12pT285	QSOX1	3.277958327	6.05E-06	1.858044873	4.697871781	0.86897977	0.000515121
rs900654	AKAP12pT285	SHPK	-3.270949196	5.37E-06	-4.679962692	-1.8619357	-0.745942474	0.033580999
rs900654	AKAP12pT285	SNRPD3	1.63220375	0.000292055	0.749033633	2.515373867	0.696576067	0.017238644
rs900654	AKAP12pT285	SNX1	-1.636671907	4.66E-06	-2.337126079	-0.936217735	-0.743693877	0.008696856
rs900654	AKAP12pT285	SNX12	-2.849405077	9.83E-06	-4.112696692	-1.586113463	-0.803592345	0.005098066
rs900654	AKAP12pT285	SUGT1	-1.575937905	6.30E-05	-2.347899337	-0.803976473	-0.875465639	0.000413926
rs900654	AKAP12pT285	TALDO1	-2.062512798	0.000348992	-3.192975804	-0.932049793	-0.603909573	0.04911876
rs900654	AKAP12pT285	TBC1D9B	-1.837427699	1.78E-05	-2.676735861	-0.998119538	-0.707457141	0.01488439
rs900654	AKAP12pT285	TES	-1.787697598	0.00025602	-2.746031266	-0.82936393	-0.724848848	0.011615196
rs900654	AKAP12pT285	TFRC	2.752289749	0.00011912	1.350396009	4.154183489	0.624745527	0.039877085
rs900654	AKAP12pT285	UBE2K	-3.172126415	0.000176468	-4.829830749	-1.514422081	-0.662795312	0.026241704
rs900654	AKAP12pT285	VPS26B	-2.010346717	2.27E-05	-2.940316148	-1.080377285	-0.730293946	0.010708472
rs900654	AKAP12pT285	YWHAB	-2.646951298	4.40E-08	-3.594725743	-1.699176853	-0.773150076	0.005258741
rs900654	AKAP12pT285	YWHAQ	-1.72656331	4.12E-05	-2.551849472	-0.901277149	-0.75725708	0.006956584
rs4715631	DSTpS237	POLR2J	0.860917263	2.48E-06	0.502663601	1.219170925	0.804298607	0.016095303
rs61734378	AKAP13pS1929	CNMD	14.7570499	0.000108641	7.284172578	22.22992722	0.803919643	0.01618405
rs2614668	AKAP13pS2567	AHCTF1	-1.451230018	3.45E-06	-2.063963864	-0.838496172	-0.833681945	0.010114629
rs2614668	AKAP13pS2567	ESD	0.895303521	9.01E-05	0.44718601	1.343421031	0.828064022	0.011124684
rs2614668	AKAP13pS2567	FAM162A	-1.437385139	8.32E-05	-2.153351753	-0.721418524	-0.741217489	0.035351902
rs2614668	AKAP13pS2567	HCCS	-1.376760034	2.34E-05	-2.014776012	-0.738744057	-0.772679709	0.024587562
rs2614668	AKAP13pS2567	HEATR1	-1.040717899	9.25E-07	-1.456401288	-0.625034509	-0.903156292	0.00210894
rs2614668	AKAP13pS2567	HSPA9	-0.753489632	4.68E-08	-1.023810883	-0.483168381	-0.831141191	0.010563895
rs2614668	AKAP13pS2567	LAS1L	-1.233002153	5.28E-05	-1.830776049	-0.635228257	-0.73237776	0.038815562
rs2614668	AKAP13pS2567	LCLAT1	-1.264955666	2.31E-05	-1.850731644	-0.679179688	-0.885881892	0.003404647
rs2614668	AKAP13pS2567	LETM1	-1.023645079	3.04E-06	-1.453438894	-0.593851264	-0.794354549	0.018526471
rs2614668	AKAP13pS2567	LYRM4	-2.073921015	9.18E-07	-2.902055662	-1.245786368	-0.824929355	0.011714957
rs2614668	AKAP13pS2567	NADK2	-0.967386074	1.39E-06	-1.360198994	-0.574573154	-0.82748154	0.01123291
rs2614668	AKAP13pS2567	NARS2	-1.412529409	7.04E-06	-2.028779149	-0.79627967	-0.848102973	0.007793856
rs2614668	AKAP13pS2567	NUP98	-0.764198136	2.18E-08	-1.031799151	-0.49659712	-0.850173745	0.007491698
rs2614668	AKAP13pS2567	PHB	-0.822860219	1.73E-06	-1.160093499	-0.48562694	-0.712989469	0.047113506
rs2614668	AKAP13pS2567	PHB2	-0.565858668	1.37E-08	-0.761214749	-0.370502588	-0.911537368	0.001617897
rs2614668	AKAP13pS2567	PMPCA	-0.802908066	8.15E-05	-1.202307569	-0.403508562	-0.809552293	0.014896324
rs2614668	AKAP13pS2567	PMPCB	-0.970519522	2.03E-05	-1.41686515	-0.524173894	-0.780138465	0.02238117
rs2614668	AKAP13pS2567	PWP2	-1.473948353	2.38E-07	-2.033043218	-0.914853489	-0.860959757	0.006038617
rs2614668	AKAP13pS2567	ROMO1	-1.456352108	0.000111934	-2.195230118	-0.717474098	-0.729198672	0.040109704
rs2614668	AKAP13pS2567	RRP1	-1.464723664	9.45E-06	-2.112835561	-0.816611767	-0.881424696	0.003806081
rs2614668	AKAP13pS2567	SAMM50	-0.61277916	0.000225262	-0.938360882	-0.287197438	-0.955412805	0.000214256
rs2614668	AKAP13pS2567	SGPL1	-0.899604687	0.000369997	-1.39479896	-0.404410413	-0.79351562	0.018741426
rs2614668	AKAP13pS2567	SLC12A7	-1.940474548	1.04E-05	-2.802964637	-1.077984459	-0.769483399	0.025572689
rs2614668	AKAP13pS2567	SURF1	-1.567041557	7.63E-09	-2.098743865	-1.03533925	-0.886475651	0.003353335
rs2614668	AKAP13pS2567	TBL3	-1.257281647	1.83E-07	-1.729746659	-0.784816635	-0.82597021	0.011516817
rs2614668	AKAP13pS2567	TIMM44	-0.777627992	1.74E-05	-1.13239909	-0.422856894	-0.840938336	0.008898849
rs2614668	AKAP13pS2567	TMED4	-0.936457288	5.30E-05	-1.390558857	-0.482355719	-0.770512994	0.025252743
rs2614668	AKAP13pS2567	TMPO	-0.766850279	0.000344838	-1.186793122	-0.346907435	-0.800401107	0.017022705
rs2614668	AKAP13pS2567	TOR1B	-1.831211854	5.90E-05	-2.724761322	-0.937662386	-0.727164939	0.040951161
rs2614668	AKAP13pS2567	TRADD	1.450305861	3.84E-09	0.967785055	1.932826666	0.84810485	0.007793579
rs2614668	AKAP13pS2567	URB1	-2.194832835	3.08E-06	-3.116915158	-1.272750513	-0.78408515	0.021265393
rs2614668	AKAP13pS2567	VDAC1	-0.903097413	1.11E-07	-1.236612184	-0.569582642	-0.832094419	0.01039389
rs2614668	AKAP13pS2567	WDR3	-1.530006296	8.63E-05	-2.293775904	-0.766236688	-0.791600115	0.019238049
rs2614668	AKAP13pS2567	WDR36	-1.403923195	7.72E-06	-2.019110099	-0.788736292	-0.820842706	0.012513697
rs2614668	AKAP13pS2567	YARS2	-1.050031236	0.000306042	-1.620100136	-0.479962337	-0.760892108	0.028340309
rs2292288	SYNMpS429	IRF5	-0.979300249	0.000160878	-1.487931009	-0.470669489	-0.736864376	0.015050553
rs2070417	TIAM1pS231	ABCC3	-4.878764198	1.34E-05	-7.075231865	-2.682296531	-0.848503608	0.001911471
rs2070417	TIAM1pS231	AGR3	-7.864245792	3.82E-06	-11.19998839	-4.528503193	-0.653601466	0.04039955
rs2070417	TIAM1pS231	ALCAM	-2.6439587	0.000213045	-4.043372768	-1.244544632	-0.691694516	0.026699723
rs2070417	TIAM1pS231	ALDH3A2	-2.476297988	0.000195312	-3.77923755	-1.173358427	-0.760850955	0.010598881
rs2070417	TIAM1pS231	ALDH6A1	-2.035653516	0.000165082	-3.094741671	-0.976565361	-0.797131252	0.005754425
rs2070417	TIAM1pS231	APOOL	-2.249447243	0.000251689	-3.453871008	-1.045023477	-0.672520369	0.033115533
rs2070417	TIAM1pS231	ATRX	-3.211413624	0.000205237	-4.906844131	-1.515983118	-0.633583168	0.049204653
rs2070417	TIAM1pS231	BCKDHA	-3.219320794	4.64E-05	-4.768440144	-1.670201443	-0.656139877	0.039365003
rs2070417	TIAM1pS231	BDH1	-3.799229335	1.72E-05	-5.531659535	-2.066799135	-0.746075562	0.013211374
rs2070417	TIAM1pS231	CCDC134	-3.145634424	4.13E-05	-4.649371303	-1.641897545	-0.726678958	0.017284127
rs2070417	TIAM1pS231	CELSR1	-4.887020089	1.36E-07	-6.704359604	-3.069680574	-0.890051327	0.003054863
rs2070417	TIAM1pS231	CETN2	-2.810629856	0.000213771	-4.298607453	-1.322652259	-0.63377668	0.049113926
rs2070417	TIAM1pS231	CHDH	-4.985199949	0.000117137	-7.521727938	-2.448671959	-0.72854819	0.025997133
rs2070417	TIAM1pS231	DBT	-2.626668985	7.42E-06	-3.775518364	-1.477819606	-0.715588432	0.019967153
rs2070417	TIAM1pS231	LRATD2	-4.133274129	7.35E-05	-6.176624478	-2.089923779	-0.686009889	0.041320759
rs2070417	TIAM1pS231	FKBP8	-1.533129133	0.000408415	-2.383264959	-0.682993308	-0.649948099	0.041920375
rs2070417	TIAM1pS231	GGCX	-2.538648925	0.000206389	-3.879412304	-1.197885547	-0.844802636	0.004151616
rs2070417	TIAM1pS231	MACROH2A1	-1.492593121	0.000394746	-2.318152511	-0.667033732	-0.729096678	0.016734397
rs2070417	TIAM1pS231	HIBCH	-2.873170642	3.60E-07	-3.97979016	-1.766551124	-0.693605995	0.026110988
rs2070417	TIAM1pS231	HINT2	-2.284691037	8.71E-06	-3.29165769	-1.277724384	-0.73058874	0.016401273
rs2070417	TIAM1pS231	LETMD1	-3.299395056	0.000380687	-5.119398493	-1.479391619	-0.694521223	0.037881931
rs2070417	TIAM1pS231	MTARC2	-3.151499516	2.47E-07	-4.348560091	-1.95443894	-0.840660273	0.002315913
rs2070417	TIAM1pS231	MCCC1	-2.487460695	0.000169381	-3.783821082	-1.191100308	-0.647283122	0.043053688
rs2070417	TIAM1pS231	MCCC2	-2.47508838	1.05E-05	-3.575698779	-1.37447798	-0.645879702	0.043658686
rs2070417	TIAM1pS231	MMUT	-2.410082129	9.06E-05	-3.616832705	-1.203331552	-0.635311907	0.048398086
rs2070417	TIAM1pS231	MYO6	-3.38396761	9.83E-07	-4.738895102	-2.029040117	-0.700188306	0.024151744
rs2070417	TIAM1pS231	OCLN	-4.380003637	4.70E-05	-6.48923854	-2.270768734	-0.785088394	0.012191011
rs2070417	TIAM1pS231	PGRMC1	-2.103812629	6.28E-06	-3.016743835	-1.190881422	-0.812678575	0.004267876
rs2070417	TIAM1pS231	PIGO	-3.565734724	2.28E-05	-5.215716855	-1.915752593	-0.743536659	0.013701664
rs2070417	TIAM1pS231	PTK2	-2.204155828	8.21E-05	-3.30113258	-1.107179076	-0.682035584	0.029814036
rs2070417	TIAM1pS231	SDR39U1	-4.676959335	1.17E-06	-6.563027388	-2.790891282	-0.681944043	0.043032046
rs2070417	TIAM1pS231	SHMT1	-3.166096889	3.33E-05	-4.661434101	-1.670759678	-0.689280687	0.027456082
rs2070417	TIAM1pS231	SLC27A1	-2.958593375	1.33E-08	-3.979156083	-1.938030667	-0.816409107	0.003956864
rs2070417	TIAM1pS231	STAT2	2.227108279	3.72E-05	1.168784187	3.285432371	0.82359187	0.003404289
rs2070417	TIAM1pS231	STXBP3	-1.582704066	0.000244474	-2.428412757	-0.736995375	-0.691283091	0.02682762
rs2070417	TIAM1pS231	TAPT1	-3.188419667	1.38E-07	-4.374788435	-2.002050899	-0.854279817	0.001648238
rs2070417	TIAM1pS231	THEM6	-2.401651561	7.14E-05	-3.586885981	-1.216417141	-0.816244846	0.003970206
rs2070417	TIAM1pS231	TMX4	-3.738395224	3.78E-06	-5.323219633	-2.153570815	-0.704301224	0.022980216
rs2070417	TIAM1pS231	TP53I11	-2.923605312	3.01E-05	-4.296834512	-1.550376113	-0.658040065	0.038602354
rs2070417	TIAM1pS231	TST	-2.65836321	6.08E-05	-3.957833691	-1.358892729	-0.666575159	0.035299538
rs3092856	ATMpT1885	STXBP4	-3.479416873	3.73E-06	-4.953604399	-2.005229347	-0.751614554	3.56E-05
rs7715100	TCOF1pS1350	GRAP	-3.925722283	0.000235938	-6.018229423	-1.833215142	-0.646204366	0.023186564
rs7715100	TCOF1pS1227	BORCS6	0.751162526	0.00011972	0.36843133	1.133893722	0.797280716	0.005738596
rs7715100	TCOF1pS1227	PTMS	0.765481354	0.000115923	0.376253141	1.154709567	0.803509698	0.005106107
rs925368	GIT2pS421	FCHSD1	0.698295163	7.40E-07	0.421828341	0.974761985	0.874177886	0.000432701
rs925368	GIT2pS421	TRIP13	-1.092561274	0.000213435	-1.670912621	-0.514209926	-0.844366756	0.008358452
rs55875819	PTK2BpS375	MAPK12	3.752922006	3.29E-05	1.98151772	5.524326292	0.789259026	0.01985606
rs55875819	PTK2BpS375	SMIM7	-6.766441441	0.000141581	-10.25149415	-3.281388736	-0.772060405	0.024776566
rs35508364	TNRC18pS2543	KIF16B	-2.166154375	4.91E-07	-3.010249919	-1.322058832	-0.667252809	0.035045813
rs35508364	TNRC18pS2543	PTEN	1.091655193	6.86E-06	0.61596845	1.567341936	0.631088097	0.03732286
rs35508364	TNRC18pS2543	WDR47	1.543480434	0.000162822	0.741187848	2.34577302	0.670239374	0.024023709
rs2304707	LTBP2pS1395	DLG2	-2.307326901	6.28E-07	-3.2149822	-1.399671603	-0.83415223	0.00074271
rs2304707	LTBP2pS1395	DNMBP	-2.590738925	3.30E-05	-3.813701839	-1.367776011	-0.771074855	0.003322087
rs2304707	LTBP2pS1395	GPLD1	-4.712258624	2.65E-05	-6.910439153	-2.514078095	-0.692947465	0.038503269
rs2304707	LTBP2pS1395	KCNK1	-2.516326038	4.91E-07	-3.496865547	-1.535786529	-0.870538753	0.002259742
rs2304707	LTBP2pS1395	PIK3CG	-1.644263254	0.000407378	-2.555850807	-0.732675702	-0.859959362	0.006165036
rs2304707	LTBP2pS1395	SEMA4B	-2.42258335	0.000219681	-3.707527978	-1.137638721	-0.627772104	0.00400555
rs33988592	GOLGB1pS2884	ITGB4	-1.495489214	3.41E-05	-2.202797336	-0.788181093	-0.777811691	0.013593247
rs33988592	GOLGB1pS2884	ITGBL1	1.251633284	0.000320113	0.569908496	1.933358072	0.823635648	0.00635421
rs33988592	GOLGB1pS2884	RNH1	0.608573448	4.09E-05	0.317806754	0.899340142	0.736509011	0.01512489
rs7149586	NFATC4pS272	POGLUT1	0.856323407	0.000358718	0.386026207	1.326620607	0.736411269	0.037210626
rs55895668	PLECpS4626	CYP4F11	-5.326256097	0.000303501	-8.216184697	-2.436327497	-0.842262378	0.00438288
rs55895668	PLECpS4626	JAK2	-5.085354771	0.000251471	-7.808045922	-2.36266362	-0.860102797	0.002932733
rs55895668	PLECpS4386	PDZD2	-6.624648984	0.000428191	-10.31113815	-2.938159822	-0.809054176	0.015007508
rs55895668	PLECpS4386	TNS4	-6.492758822	0.000348741	-10.05125185	-2.934265794	-0.841719552	0.004433418
rs55895668	PLECpT4053	RAB42	-1.945047898	0.000191774	-2.967198018	-0.922897778	-0.747934918	0.0051534
rs55895668	PLECpT4030	ADAMTS7	-2.883637367	0.000117958	-4.351517154	-1.41575758	-0.856107208	0.006667615
rs55895668	PLECpT4030	CYP4F11	-2.691372555	9.03E-05	-4.038633165	-1.344111945	-0.865271525	0.000580803
rs35978932	HERC1pS2720	STARD7	1.064014409	2.58E-07	0.659226562	1.468802256	0.974703938	3.97E-05
rs35978932	HERC1pS1491	HSD17B2	6.553024481	8.80E-05	3.277807422	9.82824154	0.685756393	0.028586516
rs2296266	MAP7D1pS548	ATG13	-2.365054606	1.19E-06	-3.319413041	-1.41069617	-0.877023616	0.004231203
rs2296266	MAP7D1pS548	CNNM3	2.576787079	3.46E-05	1.357062981	3.796511177	0.88294671	0.000141744
rs2296266	MAP7D1pS548	JAM3	2.491272552	0.000241754	1.16111264	3.821432464	0.846287915	0.008064996
rs2296266	MAP7D1pS548	SOGA1	-3.942878665	1.41E-19	-4.796675821	-3.089081509	-0.965977253	9.60E-05
rs2296266	MAP7D1pS548	TRMT61B	-2.025029542	1.23E-05	-2.932989336	-1.117069747	-0.927349723	0.000316801
rs12563354	MAP7D1pS70	CASP14	-6.844801588	4.21E-05	-10.12024615	-3.569357028	-0.73811145	0.036546462
rs12563354	MAP7D1pS70	FAT4	-4.769945321	1.20E-07	-6.536009214	-3.003881428	-0.82090145	1.66E-05
rs12563354	MAP7D1pS70	GNL3	-1.68400211	0.00041661	-2.619188473	-0.748815747	-0.708708314	1.69E-05
rs12563354	MAP7D1pS70	LIME1	-2.538014354	0.000391677	-3.940985746	-1.135042963	-0.728062974	0.04057829
rs12563354	MAP7D1pS70	SUSD2	3.28423268	0.000294909	1.505929876	5.062535484	0.746759285	5.02E-06
rs11136343	PARP10pS1011	PTRHD1	0.722113828	0.000334783	0.327521433	1.116706223	0.570500507	0.041749016
rs609521	TOR1AIP1pS154	KDR	5.684841398	0.000379668	2.549606485	8.82007631	0.710837071	0.006455852
rs609521	TOR1AIP1pS154	PLEKHH2	-7.097769447	2.60E-11	-9.184253081	-5.011285813	-0.947972317	0.000338486
rs609521	TOR1AIP1pS156	KDR	6.484754418	2.04E-05	3.501864281	9.467644555	0.843165537	1.11E-05
rs609521	TOR1AIP1pS157	KDR	4.939413283	6.48E-06	2.792916415	7.085910152	0.819487385	1.76E-05
rs609521	TOR1AIP1pS157	MAP2K5	16.31264386	6.41E-06	9.227296482	23.39799124	0.768282641	0.025948976
rs1128116	FKBP15pS619	SH3RF1	-2.966482549	0.000314577	-4.58019727	-1.352767828	-0.819113354	0.01286177
rs10465129	FKBP15pS960	EMC4	-0.460360081	6.22E-05	-0.685680537	-0.235039625	-0.722425129	0.042953575
rs10465129	FKBP15pS960	GTF2E1	-0.548027244	0.00024439	-0.840855419	-0.255199068	-0.883243336	0.003638798
rs10465129	FKBP15pS960	NUP88	-0.254768298	0.000406416	-0.395988131	-0.113548465	-0.801846768	0.016674912
rs10465129	FKBP15pS960	SMS	0.566812603	4.50E-05	0.29454832	0.839076886	0.737630421	0.036733633
rs10465129	FKBP15pS960	WARS2	-0.588016426	0.00013056	-0.889289837	-0.286743015	-0.75864837	0.029092175
rs61750791	FRYpS1936	PROZ	-2.549310355	6.65E-11	-3.314684679	-1.783936031	-0.939547144	5.43E-05
rs4845898	VPS13DpS663	ABHD13	1.032981738	0.000222554	0.484595357	1.581368119	0.84365896	0.004254673
rs2802269	CDC42BPApS1721	MT1E	-2.524098083	0.000255668	-3.877064468	-1.171131698	-0.841173724	0.008861056
rs2802269	CDC42BPApS1721	UBAP2	-2.805607379	2.17E-07	-3.866382405	-1.744832352	-0.855181619	0.003293327
rs2802269	CDC42BPApS1721	WDTC1	-4.24711808	4.90E-05	-6.297319651	-2.196916508	-0.835530561	0.009795494
rs3734684	ZNF318pS136	L3MBTL2	-3.072081543	6.11E-05	-4.57412622	-1.570036866	-0.805187918	0.008829564
rs232777	MYSM1pS218	HYAL2	2.492592576	6.39E-06	1.410075129	3.575110024	0.811640137	0.007900717
rs2254067	TASOR2pS2035	CRABP2	0.897865819	9.72E-08	0.567816892	1.227914745	0.823483589	0.011993733
rs9674961	RNF213pS1258	ADAMTS2	-5.308892018	3.83E-05	-7.835856178	-2.781927858	-0.875176995	0.004418287
rs9674961	RNF213pS1258	ARHGAP6	8.481417817	6.64E-08	5.403477972	11.55935766	0.941073326	0.000489195
rs9674961	RNF213pS1258	KCTD9	-3.586262209	2.83E-05	-5.265244573	-1.907279845	-0.878110109	0.004123551
rs61740658	RNF213pS217	TENT2	-1.711058349	7.88E-05	-2.560528775	-0.861587922	-0.843296113	0.002173714
rs12369033	TNS2pS830	CELSR1	2.159763935	0.000203756	1.020102496	3.299425373	0.751993232	0.003027794
rs12369033	TNS2pS830	MRM2	-1.439724102	0.000123364	-2.174695398	-0.704752805	-0.740329682	0.035690873
rs12369033	TNS2pS845	AMDHD2	0.733549662	0.000151536	0.354054781	1.113044544	0.79777905	0.000365635
rs12369033	TNS2pS845	MAB21L4	1.590190709	0.00019645	0.753159884	2.427221535	0.761098584	0.006513924
rs12369033	TNS2pS845	NHEJ1	1.010871629	2.79E-07	0.625182995	1.396560263	0.852835584	0.003475496
rs12369033	TNS2pS845	RIN3	-0.891033975	0.00019229	-1.359369799	-0.422698151	-0.804255484	0.002842129
rs12369033	TNS2pS845	TTC4	-1.034013746	9.77E-05	-1.554171477	-0.513856015	-0.735867723	0.02381172
rs12369033	TNS2pS941	EHF	1.610285802	1.70E-05	0.876552159	2.344019444	0.847331097	0.001968403
rs12369033	TNS2pS941	NAA20	-1.37214985	0.000143126	-2.079374378	-0.664925322	-0.720797138	0.001630642
rs12369033	TNS2pS941	PLD4	-2.631975907	5.65E-05	-3.913005161	-1.350946652	-0.76715944	0.02630404
rs12369033	TNS2pS941	POMP	-1.439401623	6.03E-08	-1.960103571	-0.918699676	-0.915371259	0.000534029
rs12369033	TNS2pS1003	HOMER2	4.216536873	1.63E-05	2.298988387	6.13408536	0.670959664	0.047881149
rs12369033	TNS2pS1003	PIK3IP1	3.255470714	0.00041145	1.449278686	5.061662742	0.534583603	0.040065815
rs12369033	TNS2pS1003	SLC22A3	-3.573927196	0.00024144	-5.481973788	-1.665880604	-0.700518248	0.005265495
rs12369033	TNS2pS1003	ST8SIA4	-3.673945785	1.14E-05	-5.314386211	-2.033505359	-0.797958208	0.005667237
rs13205210	UHRF1BP1pS922	NOL3	1.210477583	3.26E-05	0.639374065	1.7815811	0.647124491	0.003696908
rs13205210	UHRF1BP1pS922	PLXND1	-1.435887258	0.000330189	-2.219727038	-0.652047478	-0.505704436	0.038362172
rs13205210	UHRF1BP1pS922	UBTD1	-1.020399325	2.41E-05	-1.493988818	-0.546809832	-0.836833758	0.004906379
rs3744045	RHBDF2pS113	KAT2A	-3.520935644	1.92E-05	-5.135487416	-1.906383873	-0.849896793	0.007531669
rs2289912	GIGYF2pS160	ANKRD12	5.210798942	0.000233503	2.435311088	7.986286796	0.836237177	0.009675218
rs2289912	GIGYF2pS160	HMBOX1	3.637464325	0.000268917	1.680766763	5.594161886	0.745158048	0.013387115
rs2289912	GIGYF2pS160	MAPKBP1	5.498175875	1.12E-05	3.04447298	7.951878771	0.841765322	0.008766523
rs2289912	GIGYF2pS160	ZDHHC18	3.962929051	2.17E-06	2.323249644	5.602608457	0.87511216	0.00442495
rs2289912	GIGYF2pS160	ZNF292	12.90534969	0.000214687	6.07111556	19.73958381	0.726069048	0.017424761
rs10507047	FGD6pS515	AP5M1	-1.01589795	6.84E-12	-1.306107348	-0.725688552	-0.892604918	0.000218117
rs10507047	FGD6pS515	LTV1	-1.691903532	2.35E-06	-2.394376091	-0.989430973	-0.726895092	0.041063608
rs10507047	FGD6pS515	USF2	-0.724145212	0.000386848	-1.124071833	-0.324218592	-0.612900672	0.0449675
rs1265891	AKNApS935	GFOD1	1.863504473	0.000113254	0.917356947	2.809651999	0.846405486	0.008047254
rs1265891	AKNApS935	HGD	-6.249921365	0.000337435	-9.667094148	-2.832748582	-0.739423559	0.036038877
rs1265891	AKNApS935	IRAK1BP1	4.429777278	2.94E-08	2.863976568	5.995577988	0.907125113	0.001865872
rs1265891	AKNApS935	RAB39A	2.944176479	0.000105718	1.455818828	4.432534131	0.851250188	0.000887793
rs1265891	AKNApS935	SLX4	5.626518763	0.000266913	2.601449078	8.651588447	0.768898595	0.009340725
rs3749298	PHLDB2pS489	GPALPP1	-1.41345901	1.14E-05	-2.044779472	-0.782138547	-0.841826648	0.008756761
rs477830	LUZP1pS57	AP5M1	-2.152834541	3.40E-09	-2.866689335	-1.438979748	-0.889606619	0.003091009
rs477830	LUZP1pS57	MINK1	-1.476025196	9.10E-05	-2.21528305	-0.736767341	-0.80840338	0.015153555
rs477830	LUZP1pS57	MUC1	1.282513301	3.35E-06	0.741729468	1.823297135	0.943256872	0.000135528
rs477830	LUZP1pS57	TAF6L	1.249695533	0.000299831	0.572224923	1.927166143	0.801077958	0.01685931
rs477830	LUZP1pS57	TGFB1	-1.403487192	0.000305215	-2.165301503	-0.641672882	-0.845764918	0.008144223
rs477830	LUZP1pS57	TMEM205	1.04424107	7.09E-05	0.529129219	1.55935292	0.844768435	0.004154673
rs34259399	LSRpS646	ITGBL1	2.194280281	8.80E-05	1.097596615	3.290963947	0.776751124	0.023367243
rs34259399	LSRpS646	RLF	3.067788334	0.000163328	1.472841136	4.662735533	0.74088669	0.022385435
rs34259399	LSRpS646	TTC5	1.788909188	0.000293557	0.820592484	2.757225892	0.726863509	0.007404747
rs34259399	LSRpS646	WDR61	0.50664032	0.000345118	0.229177276	0.784103363	0.776336271	0.001094687
rs17176933	MCM3APpS527	DENND5A	-4.256464768	8.77E-05	-6.383431699	-2.129497837	-0.737708222	0.023281936
rs17176933	MCM3APpS527	GFOD1	3.047487744	1.56E-06	1.80396209	4.291013398	0.735540045	0.037553794
rs17176933	MCM3APpS527	GOLGA7B	-4.555368841	1.96E-05	-6.646470835	-2.464266848	-0.731864089	0.016120212
rs17176933	MCM3APpS527	PPP2R3A	3.99521471	0.000124159	1.954840694	6.035588726	0.68070647	0.043561832
rs17176933	MCM3APpS527	PSMA1	-1.115209007	0.000427658	-1.735743137	-0.494674878	-0.573483347	0.002192689
rs17176933	MCM3APpS527	RNF20	-1.768438117	0.000312245	-2.729921844	-0.80695439	-0.604574206	0.001070226
rs2278607	AHNAK2pS842	ARL6IP1	0.213099757	9.32E-05	0.106212851	0.319986663	0.943371553	0.000434924
rs2278607	AHNAK2pS842	AUH	-0.267506229	0.000116983	-0.403605114	-0.131407343	-0.738646063	0.036339126
rs2278607	AHNAK2pS842	HLA-E	-0.282440853	7.64E-11	-0.36750694	-0.197374765	-0.895509322	0.002633306
rs2278607	AHNAK2pS842	PSIP1	-0.158436859	7.23E-05	-0.236682681	-0.080191038	-0.730971113	0.039384996
rs17429619	FAM114A1pS261	IRF4	-2.080829874	0.000157767	-3.160183304	-1.001476443	-0.753815451	0.007371529
rs17429619	FAM114A1pS261	ITGBL1	1.883560276	5.51E-07	1.146344147	2.620776406	0.8634262	0.000615752
rs17429619	FAM114A1pS261	LIPH	-3.201369191	6.60E-06	-4.593828573	-1.808909809	-0.867663725	0.005234132
rs17429619	FAM114A1pS261	TOP3A	-2.988374266	4.73E-06	-4.268179487	-1.708569046	-0.710435773	0.031960708
rs3801295	LMTK2pS886	HSPB7	2.602251532	0.000110839	1.282822378	3.921680686	0.925198816	0.000988501
rs3801295	LMTK2pS886	POMP	-1.967077731	0.000289084	-3.030669033	-0.903486429	-0.731653342	0.039108188
rs61746540	ASCC3pS2195	NCCRP1	-3.93064989	1.01E-05	-5.675503355	-2.185796425	-0.82287499	0.006445559
rs10055054	SYNPOpS833	CCDC167	-4.774920101	0.000120598	-7.208963114	-2.340877087	-0.756706372	0.018261746
rs10055054	SYNPOpS833	DGKH	-6.383778142	4.90E-05	-9.465444245	-3.302112039	-0.773837025	0.024236761
rs10055054	SYNPOpS833	RBMS3	2.27317764	4.27E-05	1.184514662	3.361840618	0.803448254	0.009092081
rs11039375	FNBP4pS432	KCTD14	2.244303374	0.000414467	0.998443315	3.490163434	0.682309977	0.029722307
rs11039375	FNBP4pS432	LGALS9	-1.263438212	4.18E-06	-1.80149844	-0.725377983	-0.840856848	0.000164936
rs11039375	FNBP4pS432	TSC22D4	1.859034013	2.54E-05	0.993814482	2.724253544	0.648519725	0.01211448
rs11039375	FNBP4pS432	XRCC4	-1.516346324	0.000170444	-2.306931601	-0.725761047	-0.586716164	0.027416211
rs2305985	FNBP4pS499	CASP14	-11.00083462	1.22E-06	-15.44482465	-6.556844578	-0.896582141	0.001057127
rs2305985	FNBP4pS499	IL27RA	-7.383583327	8.45E-06	-10.6330974	-4.134069254	-0.87671935	0.00426167
rs17432615	EHBP1pS174	ACTA2	2.914892066	7.29E-07	1.761539084	4.068245049	0.884305757	0.003543308
rs17432615	EHBP1pS174	PSMF1	-1.147960546	0.000173988	-1.747300083	-0.548621009	-0.863935561	0.005672414
rs9479297	SYNE1pT8360	ADCY4	-6.171730155	0.000118162	-9.31371857	-3.02974174	-0.854875004	0.003316753
rs9479297	SYNE1pT8360	GLYATL2	-7.23387516	1.28E-06	-10.16173605	-4.306014268	-0.88843231	0.001367253
rs9479297	SYNE1pT8360	PI16	-4.319899354	9.62E-05	-6.490920273	-2.148878436	-0.850827766	0.001802154
rs9479297	SYNE1pT8360	ZNF460	-6.642437361	0.000135786	-10.05435817	-3.230516548	-0.799729403	0.017185834
rs1958396	ARHGEF40pS1474	BMP1	-2.326874302	0.000117466	-3.511026504	-1.1427221	-0.711350549	0.031640045
rs1958396	ARHGEF40pS1474	CHMP4C	1.892648926	0.000208918	0.892233057	2.893064794	0.747574553	0.032982204
rs1291602	RAPGEF6pS1094	SIRT7	-10.0033004	0.000251217	-15.35867435	-4.647926457	-0.776775561	0.023360035
rs8080966	SMCR8pS417	CD3D	-1.13599431	0.000111554	-1.71221544	-0.55977318	-0.827175707	0.01129
rs8080966	SMCR8pS417	MSMO1	0.875582927	0.000103193	0.43362343	1.317542424	0.769070121	0.00011888
rs8080966	SMCR8pS417	SCYL3	1.155112958	5.61E-05	0.593154255	1.717071661	0.779299672	0.000372884
rs62333891	PALLDpS641	B4GALT7	-1.190701693	0.000200711	-1.818366306	-0.56303708	-0.861895218	0.005921916
rs62333891	PALLDpS641	DIS3	-0.954172914	7.58E-05	-1.426749313	-0.481596516	-0.713093601	0.031034864
rs9944035	SYNE2pS4108	COL6A5	-2.944451636	1.10E-06	-4.12864771	-1.760255561	-0.868472537	0.002383483
rs9944035	SYNE2pS4108	GNAI3	-0.712234933	5.70E-05	-1.059050828	-0.365419038	-0.705999349	0.022508143
rs9944035	SYNE2pS4108	IRAK1	-2.491399177	5.01E-10	-3.276619155	-1.7061792	-0.746317171	0.033442942
rs9944035	SYNE2pS4108	MCM6	-2.364857341	0.00012794	-3.57492559	-1.154789091	-0.712676279	0.020716696
rs9944035	SYNE2pS4108	MNAT1	-1.318134373	0.000349759	-2.04071969	-0.595549057	-0.785363578	0.020911551
rs9944035	SYNE2pS4108	MTHFD2	-1.705070556	1.20E-05	-2.468379026	-0.941762086	-0.694077298	0.025967206
rs9944035	SYNE2pS4108	NFIB	-1.21936353	0.000316671	-1.882993639	-0.555733421	-0.847783911	0.001946273
rs9944035	SYNE2pS4108	NOC2L	-1.250629809	9.26E-05	-1.87764452	-0.623615097	-0.663065721	0.036633445
rs9944035	SYNE2pS4108	REEP4	-1.424051119	6.91E-05	-2.125418254	-0.722683984	-0.849951298	0.003708804
rs9944035	SYNE2pS4108	REEP5	1.152876313	6.22E-06	0.652839681	1.652912945	0.744244947	0.013563628
rs9944035	SYNE2pS4108	RFC4	-1.016746672	0.000359093	-1.57519202	-0.458301323	-0.797608843	0.005703955
rs9944035	SYNE2pS4108	SNX7	-1.727870177	4.93E-05	-2.562215917	-0.893524438	-0.747023281	0.033183723
rs9944035	SYNE2pS4108	SPIN1	-1.53738152	1.39E-05	-2.230806112	-0.843956928	-0.720510496	0.028544285
rs9944035	SYNE2pS4108	POLR1F	-1.719007284	8.34E-06	-2.475062856	-0.962951711	-0.764384767	0.027193983
rs11264542	PRCCpS157	CABLES1	-3.264942771	0.000182476	-4.974982444	-1.554903097	-0.798328544	0.005628498
rs11264542	PRCCpS157	LGI2	-9.542001933	0.000389924	-14.81490135	-4.26910252	-0.82294234	0.012099165
rs11264542	PRCCpS157	SLC37A2	-4.551523254	5.60E-06	-6.5160897	-2.586956808	-0.864045744	0.000289855
rs2256596	RREB1pS1167	CEP57	2.776958876	0.000427176	1.231910769	4.322006984	0.77787117	0.004819272
rs2256596	RREB1pS1167	KIF2C	-4.380812196	8.98E-05	-6.573107858	-2.188516533	-0.800700318	0.009517418
rs2256596	RREB1pS1167	UBE2C	-6.256873336	1.65E-06	-8.81611721	-3.697629462	-0.814482176	0.013823784
rs2256596	RREB1pS1167	ULBP2	-6.576702728	6.82E-08	-8.965640809	-4.187764648	-0.841190708	0.008858334
rs2292553	TMBIM1pS83	PEAR1	2.37541525	7.68E-08	1.509139204	3.241691296	0.943927252	0.000130092
rs11258194	OPTNpS206	LRP2	3.906524918	0.000362142	1.759543361	6.053506476	0.753908221	0.01895094
rs11543283	SLC41A3pS13	KCNK1	-4.256564846	0.000322715	-6.576337955	-1.936791737	-0.609345234	0.027052029
rs11543283	SLC41A3pS13	MAP2K6	-4.042048633	1.30E-06	-5.67918559	-2.404911675	-0.80297545	3.49E-05
rs61743961	DOCK7pS929	EIF1	-0.739168941	0.000106463	-1.113002793	-0.365335089	-0.935070032	0.000651453
rs61743961	DOCK7pS929	RNASEH2C	-1.608935659	2.67E-05	-2.359702615	-0.858168703	-0.797830526	0.017652277
rs61743961	DOCK7pS929	RPS17	-0.592389119	0.000263268	-0.910575731	-0.274202507	-0.795439382	0.018250802
rs848208	SPENpS1382	ALDH7A1	-7.812546388	8.38E-05	-11.70554705	-3.919545725	-0.874775772	0.004459626
rs848208	SPENpS1382	RIOK1	36.41935998	0.000123849	17.82280329	55.01591667	0.741278878	0.035328536
rs848208	SPENpS2481	UCK2	-1.813618288	4.09E-06	-2.585213349	-1.042023226	-0.861116461	0.001371835
rs848210	SPENpS2159	ADGRF5	0.88726058	8.27E-08	0.562895042	1.211626119	0.832079533	0.010396531
rs848208	SPENpS190	ERCC2	5.432707476	1.86E-05	2.945549841	7.919865112	0.864875324	0.005559802
rs848208	SPENpS190	HPR	8.80480493	0.000105559	4.354167262	13.2554426	0.811010242	0.014573878
rs6749	PSMD1pT311	GASK1B	-2.549282385	7.30E-05	-3.809000672	-1.289564098	-0.720083337	0.018847371
rs6749	PSMD1pT311	JAM3	-1.230275256	0.000199255	-1.878479938	-0.582070573	-0.78196208	0.021861202
rs6749	PSMD1pT311	MAL2	1.729599366	4.79E-05	0.895838923	2.563359809	0.76839043	0.002151103
rs6749	PSMD1pT311	MYO5B	2.138354089	0.000315794	0.97480286	3.301905318	0.699997809	0.007722556
rs6749	PSMD1pT311	SERPINB8	1.865393687	0.000176696	0.890483739	2.840303635	0.782924291	0.004379552
rs6749	PSMD1pT311	XIRP1	-3.86725814	1.63E-05	-5.625547888	-2.108968392	-0.750059717	0.019926728
rs3810510	JPH2pS469	BRAT1	-2.999484582	0.000361296	-4.647683855	-1.351285308	-0.686854501	0.000294619
rs3810510	JPH2pS469	MRPL51	-3.109568293	0.000189617	-4.742442314	-1.476694271	-0.71980814	0.044084074
rs1131356	FLNBpS983	ATG2B	-0.46179623	0.000217632	-0.706576516	-0.217015943	-0.610293214	0.035074855
rs1131356	FLNBpS983	IGFBP2	0.680521655	4.02E-06	0.391205095	0.969838214	0.631897927	0.015337814
rs1131356	FLNBpS983	SCAI	-0.579398447	1.06E-06	-0.812113604	-0.34668329	-0.688420248	0.040327291
rs1131356	FLNBpS983	YLPM1	-0.434814524	0.000252853	-0.667702925	-0.201926122	-0.777407043	0.001066291
rs10488698	BUD13pS235	POM121	3.007707913	9.59E-05	1.496463227	4.5189526	0.824978871	0.011705483
rs1883848	DIDO1pS1260	MLST8	1.883074196	2.39E-05	1.009601378	2.756547013	0.836335486	0.009658559
rs2292880	MLPHpS226	CDC42	-2.018809097	2.00E-05	-2.946456874	-1.09116132	-0.731200887	0.004511905
rs2292880	MLPHpS226	CDK7	-8.215891595	7.11E-05	-12.26935084	-4.162432353	-0.654768749	0.020852231
rs2292880	MLPHpS226	DPAGT1	-6.101609521	0.000163013	-9.273439317	-2.929779725	-0.737733768	0.014869764
rs2292880	MLPHpS226	GALNT2	2.85722125	0.000173037	1.366037651	4.34840485	0.71145758	0.006388498
rs2292880	MLPHpS226	H2BC17	4.979929938	0.000352773	2.248276863	7.711583013	0.814793162	0.00124609
rs2292880	MLPHpS226	MFSD6	-7.208983079	1.04E-06	-10.10217868	-4.315787478	-0.75271245	0.019250651
rs2292880	MLPHpS226	NOVA2	-9.826169045	6.63E-05	-14.65415794	-4.998180151	-0.668446885	0.024545158
rs2292880	MLPHpS226	POLG	-4.644120631	1.18E-09	-6.140426543	-3.147814719	-0.894302579	8.68E-05
rs2292880	MLPHpS226	RABGAP1L	-6.19364792	0.000162265	-9.412342914	-2.974952926	-0.675762389	0.022466417
rs2292880	MLPHpS226	RBBP7	2.132378706	0.000206505	1.006139784	3.258617627	0.724309361	0.005110588
rs2292880	MLPHpS226	RPS14	3.358197886	1.61E-05	1.832188124	4.884207649	0.659142602	0.014264949
rs2292880	MLPHpS226	TBC1D10B	-2.75339361	0.000200386	-4.204653637	-1.302133583	-0.73014144	0.007013489
rs160632	RIOK2pS337	FUNDC1	-1.756176183	4.72E-05	-2.602033112	-0.910319254	-0.802230744	0.000967958
rs160632	RIOK2pS337	GAMT	2.031889429	0.000409189	0.905026317	3.158752541	0.703293051	0.010718913
rs3743315	UACApS1353	ALOX15B	10.66819609	6.45E-05	5.435290238	15.90110193	0.848857321	0.007682903
rs3740469	SLKpS565	ARAP2	1.933357226	7.10E-05	0.979540542	2.887173911	0.749113255	0.032423701
rs3740469	SLKpS565	FHIP1B	-0.770774732	7.19E-06	-1.107391741	-0.434157722	-0.921032351	0.001159324
rs956868	WNK1pS2032	GYPA	-10.94915414	0.000177377	-16.67297966	-5.225328609	-0.570689404	0.041665994
rs1867780	PEAK1pS572	FAT4	-2.589245669	0.000157222	-3.932014682	-1.246476655	-0.812474708	0.007785641
rs1867780	PEAK1pS572	SYNPO2	2.405215277	0.000421067	1.068446446	3.741984108	0.746511678	0.005286668
rs2304208	SCAF1pS738	CCDC92	-3.50860916	0.000184122	-5.347380171	-1.669838149	-0.664007284	0.005029649
rs2304208	SCAF1pS738	KLHL26	-3.507901549	5.89E-10	-4.618006295	-2.397796803	-0.850007952	0.00370412
rs2304208	SCAF1pS738	RASEF	-2.152628731	4.62E-07	-2.98951502	-1.315742443	-0.951408612	0.000276474
rs3745486	TBC1D17pS602	CPN1	-2.809391946	2.68E-09	-3.734828558	-1.883955334	-0.899486477	0.000163577
rs3745486	TBC1D17pS602	CPN2	-3.208319467	1.72E-05	-4.671121215	-1.745517719	-0.77049074	0.005518905
rs3745486	TBC1D17pS602	F10	-3.259563534	0.000116631	-4.917611526	-1.601515542	-0.774404568	0.014285391
rs3745486	TBC1D17pS602	POF1B	3.466264618	0.000181596	1.651369985	5.28115925	0.853380586	0.007038698
rs61746994	TNS1pS1048	IL33	2.941428807	0.000246252	1.3688987	4.513958914	0.614330451	0.005134396
rs61746994	TNS1pS1048	KLHL26	-3.880402301	2.11E-05	-5.668500743	-2.09230386	-0.633483277	0.015004923
rs61746994	TNS1pS1048	LRRC32	2.257600713	0.000317521	1.028679494	3.486521932	0.55394386	0.002225609
rs61746994	TNS1pS1048	ZNF414	-1.030995817	0.000104012	-1.551659259	-0.510332375	-0.7574007	0.02951552
rs61746994	TNS1pS764	MSMO1	0.547249872	2.67E-05	0.291853463	0.802646281	0.815582125	0.000117642
rs918949	TNS1pS794	LTV1	-2.871196943	0.00014726	-4.353801758	-1.388592128	-0.814590955	0.007498945
rs918949	TNS1pS794	MYO19	3.181229596	0.000204268	1.502275771	4.860183422	0.74990633	0.03213812
rs918949	TNS1pS794	THAP11	2.097040278	0.000294478	0.961681552	3.232399004	0.778990771	0.004719157
rs61746994	TNS1pS1192	CYTH4	2.947001973	6.43E-05	1.501715962	4.392287984	0.812466463	0.004286068
rs61746994	TNS1pS1192	KLHL26	-5.777328361	0.000131369	-8.738551887	-2.816104834	-0.842820458	0.004331335
rs918949	TNS1pS1446	CBR4	0.531510126	0.000290269	0.244040815	0.818979438	0.751382104	0.031610821
rs918949	TNS1pS1446	CD4	0.640676286	7.46E-05	0.323675436	0.957677137	0.752820997	0.019223316
rs918949	TNS1pS1446	CDH13	0.492963833	9.41E-07	0.295922394	0.690005273	0.864972034	0.002603669
rs918949	TNS1pS1446	COMTD1	0.604149247	9.84E-05	0.300112171	0.908186324	0.808182184	0.008389819
rs918949	TNS1pS1446	COQ5	0.485204756	0.000238764	0.22636463	0.744044883	0.800642359	0.009526531
rs918949	TNS1pS1446	DTNA	0.700533137	2.42E-09	0.470420657	0.930645617	0.88407225	0.001556688
rs918949	TNS1pS1446	HDHD3	0.502131264	0.000136881	0.244074869	0.760187659	0.678087527	0.044696739
rs918949	TNS1pS1446	HLA-DQA1	0.815237328	4.21E-05	0.425127364	1.205347293	0.756962037	0.029665257
rs918949	TNS1pS1446	MCCC1	0.411251254	0.000292759	0.188688787	0.633813721	0.685378624	0.041583526
rs918949	TNS1pS1446	MCCC2	0.290468103	0.000288971	0.133417527	0.447518679	0.808743282	0.008309099
rs918949	TNS1pS1446	NDUFS1	0.191409294	6.76E-05	0.097255645	0.285562943	0.921650379	0.00041031
rs918949	TNS1pS1446	NDUFV1	0.205783076	0.00029658	0.094313358	0.317252795	0.813198195	0.007686806
rs918949	TNS1pS1446	PLXNB2	0.304247483	6.96E-05	0.15432811	0.454166856	0.843220327	0.004294659
rs918949	TNS1pS1446	PRKCA	0.356308366	0.000402771	0.158936999	0.553679732	0.792408844	0.010881857
rs918949	TNS1pS1446	PSIP1	0.331416064	1.51E-05	0.18128071	0.481551418	0.748098068	0.020436669
rs918949	TNS1pS1446	PTPRS	0.60870979	2.36E-05	0.326494193	0.890925387	0.776328974	0.023491987
rs918949	TNS1pS1446	VKORC1L1	0.569213797	1.19E-09	0.385759226	0.752668368	0.911284888	0.000627282
rs918949	TNS1pS1446	YIPF6	0.509095945	4.87E-06	0.290779544	0.727412345	0.75144025	0.019572954
rs918949	TNS1pY366	ADAM15	5.23184476	5.39E-05	2.692352279	7.771337241	0.714026652	0.001890204
rs918949	TNS1pY366	COQ8A	4.981338578	0.000153624	2.401975171	7.560701984	0.667120349	0.003439851
rs918949	TNS1pY366	BCAM	5.065207371	0.000413173	2.254062562	7.876352179	0.554193683	0.020973555
rs918949	TNS1pY366	CA5B	4.160466342	0.000167153	1.994112441	6.326820243	0.689671779	0.018864059
rs918949	TNS1pY366	CCDC127	4.039044698	0.000113609	1.987914311	6.090175085	0.72226495	0.002357705
rs918949	TNS1pY366	CMC1	4.482835523	1.20E-05	2.475808559	6.489862487	0.681134754	0.003671954
rs918949	TNS1pY366	DTNA	4.631242351	0.000189461	2.199452394	7.063032307	0.674559291	0.002975681
rs918949	TNS1pY366	FNTB	-4.212028973	2.95E-06	-5.978253708	-2.445804238	-0.784794083	0.002500634
rs918949	TNS1pY366	STARD7	4.366360233	1.50E-06	2.587836279	6.144884186	0.774262434	0.001890782
rs918949	TNS1pY366	UQCRH	2.77833527	0.000390919	1.242739548	4.313930992	0.589408722	0.012776864
rs918949	TNS1pY366	YIPF6	3.365646213	3.76E-05	1.765107114	4.966185312	0.715001417	0.00125522
rs16882046	MDN1pS4752	NEDD9	1.202748429	0.000367077	0.541072789	1.86442407	0.867557835	0.005246269
rs58632700	ZNF446pS146	EHF	1.45223417	0.000257048	0.67351391	2.23095443	0.95355407	6.79E-05
rs3739998	JCADpS1304	ANO8	-5.03392641	3.17E-05	-7.40519689	-2.662655929	-0.673370675	0.032810864
rs3739998	JCADpS1304	AP3B1	-0.551796954	0.000116655	-0.832484109	-0.271109799	-0.773799432	0.000436041
rs3739998	JCADpS1304	GOLGA7	1.813863951	8.82E-05	0.907154167	2.720573735	0.614289993	0.014833064
rs2275303	SIPA1L2pS194	ABCC10	-3.03622328	4.19E-05	-4.488846578	-1.583599982	-0.709662628	0.032233369
rs2275303	SIPA1L2pS194	DPP8	2.73392685	9.27E-06	1.525329901	3.9425238	0.711764509	0.00942183
rs2275303	SIPA1L2pS194	NUDT1	2.967701589	5.19E-05	1.530417927	4.404985251	0.637407371	0.047432297
rs2275303	SIPA1L2pS194	SLC40A1	-2.487514429	0.000303815	-3.837294084	-1.137734773	-0.80335064	0.009106966
rs1130943	PARP4pT101	CARD14	7.764718398	8.47E-05	3.893017962	11.63641883	0.830995835	0.000432514
rs1130943	PARP4pT101	FGFR1	-8.305591477	0.000202531	-12.6864768	-3.924706157	-0.677703766	0.021936481
rs1130943	PARP4pT101	PLXNB3	9.575034077	0.00038601	4.287842066	14.86222609	0.745790985	0.003423386
rs725185	SORBS2pS166	TMUB1	1.190971827	1.74E-05	0.647573204	1.73437045	0.858331763	0.000720508
rs1050134	SRRM2pS1124	CCDC82	-11.1005762	2.42E-05	-16.25303547	-5.948116924	-0.854700924	0.000197637
rs1050134	SRRM2pS1073	LAMC3	4.447509028	5.72E-05	2.281272644	6.613745412	0.723994367	0.000307333
rs1050134	SRRM2pS1073	SLC11A1	4.215242352	3.57E-06	2.432718164	5.997766541	0.774733958	0.023967032
rs1050134	SRRM2pS1073	TMEM132A	-8.030207515	7.54E-05	-12.00618356	-4.054231469	-0.756767996	0.011280716
rs1050134	SRRM2pS1443	PRR36	-4.447975345	1.73E-15	-5.543281293	-3.352669396	-0.951220735	0.000279654
rs1050134	SRRM2pS1542	C2orf76	3.624684161	9.34E-06	2.021704785	5.227663537	0.763601199	0.016635097
rs1050134	SRRM2pS1542	CES3	4.615723918	6.19E-05	2.357194759	6.874253077	0.708967024	0.032479976
rs1050134	SRRM2pS1542	PCOLCE2	4.959506371	2.13E-12	3.575971933	6.343040809	0.930021238	9.64E-05
rs1050134	SRRM2pS1542	PRMT2	3.041386965	5.61E-05	1.561726737	4.521047193	0.764677137	0.009986735
rs1050134	SRRM2pS1542	PRR36	-6.155429305	5.22E-06	-8.803645922	-3.507212687	-0.835913437	0.00499917
rs1050134	SRRM2pS1542	ZFHX3	7.310178205	0.000189712	3.471380573	11.14897584	0.712857919	0.047173149
rs1050134	SRRM2pS1552	RFX2	6.782418877	0.000244056	3.158705055	10.4061327	0.76000419	0.028636397
rs1050134	SRRM2pS1501	RFX2	8.944194072	9.17E-05	4.46240872	13.42597942	0.85550465	0.006748517
rs1050134	SRRM2pS1987	DGKH	3.169052941	4.94E-05	1.638557716	4.699548165	0.836180669	0.009684802
rs1050134	SRRM2pT1177	PRMT2	2.629679413	0.000427075	1.166601072	4.092757754	0.791336387	0.011067425
rs893253	PIKFYVEpS307	AK6	-1.677795237	5.41E-05	-2.492349729	-0.863240744	-0.828986873	0.010954572
rs893253	PIKFYVEpS307	AP3D1	-0.802587492	4.18E-05	-1.186500018	-0.418674966	-0.667037027	0.004764071
rs893253	PIKFYVEpS307	BAG4	-1.686599074	0.00017645	-2.567983803	-0.805214344	-0.736702485	0.006277165
rs893253	PIKFYVEpS307	BCAR1	-2.086128747	0.000406348	-3.242469945	-0.92978755	-0.549561076	0.027442502
rs893253	PIKFYVEpS307	CPXM1	-3.078292271	1.97E-05	-4.491742304	-1.664842237	-0.792443003	0.010875981
rs893253	PIKFYVEpS307	DDX55	-2.904312627	2.96E-05	-4.267214379	-1.541410874	-0.619311634	0.018184323
rs893253	PIKFYVEpS307	DNAJB9	3.522483042	0.000234591	1.645657507	5.399308577	0.681722586	0.007247669
rs893253	PIKFYVEpS307	EIF3E	-1.01022825	1.79E-05	-1.471852189	-0.548604311	-0.606056723	0.012827464
rs893253	PIKFYVEpS307	EIF3H	-0.694784751	0.000398946	-1.079376043	-0.310193459	-0.706747319	0.00220573
rs893253	PIKFYVEpS307	EIF3L	-1.015554266	4.22E-06	-1.448243437	-0.582865095	-0.552062385	0.026604289
rs893253	PIKFYVEpS307	EPDR1	3.275827452	0.000141718	1.588508453	4.963146451	0.504162688	0.046443546
rs893253	PIKFYVEpS307	FAT4	-3.05875781	0.000145387	-4.636894194	-1.480621426	-0.737974317	0.009518351
rs893253	PIKFYVEpS307	CEP43	-2.443144862	7.83E-06	-3.514427867	-1.371861857	-0.662088863	0.01368767
rs893253	PIKFYVEpS307	FKBP15	-0.843302441	0.000156412	-1.280485841	-0.406119041	-0.602071633	0.01359447
rs893253	PIKFYVEpS307	IGHV3-49	-2.047832366	3.27E-05	-3.014087689	-1.081577042	-0.712428258	0.009325401
rs893253	PIKFYVEpS307	IRAK1	-2.15927381	4.28E-05	-3.193492828	-1.125054792	-0.783037936	0.001548309
rs893253	PIKFYVEpS307	L1TD1	3.315949951	0.00028424	1.525185109	5.106714792	0.780164129	0.00461589
rs893253	PIKFYVEpS307	MRPS6	1.47823869	0.000251225	0.686846054	2.269631327	0.615564647	0.011134185
rs893253	PIKFYVEpS307	PSMB1	-0.773210821	0.000354932	-1.197531703	-0.348889939	-0.677054445	0.003964849
rs893253	PIKFYVEpS307	RTF2	-2.404420977	0.000375672	-3.729440961	-1.079400993	-0.507323548	0.044868514
rs2032811	CCDC9pT385	ABCE1	-0.479752985	2.59E-05	-0.703275758	-0.256230213	-0.775055468	0.014151382
rs2032811	CCDC9pT385	AMBP	0.764647107	8.91E-05	0.382186125	1.147108089	0.769640482	0.015292161
rs2032811	CCDC9pT385	ARL15	0.864863043	0.000138543	0.420043004	1.309683082	0.74363274	0.034439722
rs2032811	CCDC9pT385	DDX52	-1.033133435	0.000202408	-1.578049658	-0.488217212	-0.694701153	0.037811309
rs2032811	CCDC9pT385	EFEMP1	0.809748621	0.0003783	0.363285118	1.256212124	0.790441654	0.011223861
rs2032811	CCDC9pT385	EIF3E	-0.517850166	5.22E-05	-0.768732216	-0.266968115	-0.709265193	0.032374118
rs2032811	CCDC9pT385	NAT10	-0.602464039	0.000113322	-0.908361759	-0.296566319	-0.750699712	0.019762201
rs2032811	CCDC9pT385	NPM1	-0.502859506	5.29E-05	-0.746663255	-0.259055758	-0.726636562	0.026588812
rs2032811	CCDC9pT385	STUB1	0.748883376	6.86E-06	0.422556924	1.075209827	0.895536468	0.001093858
rs2032811	CCDC9pT385	TAF6L	-0.7665975	0.000142847	-1.16166199	-0.37153301	-0.853363365	0.007041083
rs2032811	CCDC9pT385	VAMP2	0.850400893	0.000428203	0.377168187	1.3236336	0.856022047	0.003229699
rs9791092	DMXL1pS1896	ABO	5.931333608	0.000318094	2.70220137	9.160465846	0.864151416	0.000288784
rs9791092	DMXL1pS574	C1orf226	-4.212236239	1.94E-07	-5.798256938	-2.626215539	-0.7685008	0.025880358
rs9791092	DMXL1pS574	JUN	-2.09344685	1.46E-05	-3.040172529	-1.14672117	-0.744997579	0.021260157
rs1805097	IRS2pS560	AP2S1	-0.79348762	0.000146462	-1.20307688	-0.38389836	-0.607927801	0.016205436
rs1805097	IRS2pS560	ARHGEF17	-1.020342152	0.000395921	-1.584822416	-0.455861888	-0.551042529	0.033251541
rs1805097	IRS2pS560	DMXL2	-1.391679981	6.54E-05	-2.074877017	-0.708482945	-0.543949979	0.036071846
rs1805097	IRS2pS560	MAP2K6	-1.478468078	9.37E-09	-1.983152932	-0.973783224	-0.866930973	0.005318494
rs1805097	IRS2pS560	NELFA	-1.268522305	6.41E-07	-1.767927635	-0.769116976	-0.686338051	0.013707787
rs1805097	IRS2pS560	NFATC2	-1.056582306	0.000120701	-1.595210572	-0.51795404	-0.680841985	0.010415009
rs1805097	IRS2pS560	PAK4	-1.208394046	0.000338579	-1.86925179	-0.547536302	-0.576568475	0.03090141
rs1805097	IRS2pS560	PARP14	-1.062413034	1.52E-05	-1.543768354	-0.581057714	-0.564787284	0.028261026
rs1805097	IRS2pS560	QRICH1	-1.374739039	4.36E-08	-1.866835585	-0.882642492	-0.61903542	0.018250979
rs1805097	IRS2pS560	SLC25A44	1.147314564	0.000324718	0.52176272	1.772866408	0.862733117	0.005818621
rs1805097	IRS2pS560	SLFN5	-0.848232512	3.49E-06	-1.206556008	-0.489909016	-0.656044624	0.007909534
rs2274802	USP16pS415	DSE	-2.688236814	5.19E-07	-3.738004133	-1.638469496	-0.865473501	0.0025713
rs2274802	USP16pS415	FAM111B	2.340793429	6.25E-05	1.194762774	3.486824084	0.676681952	0.003992496
rs2274802	USP16pS415	LRRC42	-4.799709471	9.80E-24	-5.736353085	-3.863065857	-0.937042998	0.000594753
rs2227277	NCOR2pS215	DTD1	2.351191508	3.92E-05	1.230542123	3.471840893	0.589454925	0.000484219
rs2227277	NCOR2pS215	KIAA0513	2.201521829	0.000351082	0.994340505	3.408703154	0.599031764	0.002524655
rs2227277	NCOR2pS2054	CENPL	7.443466449	1.76E-05	4.044963246	10.84196965	0.747831205	0.03288864
rs2227277	NCOR2pS2054	SLC1A2	3.251962761	1.84E-05	1.763773141	4.740152381	0.747385764	0.033051131
rs2227277	NCOR2pS2223	CLUAP1	-2.750976623	1.06E-05	-3.975336702	-1.526616545	-0.794986896	0.01836547
rs2227277	NCOR2pS2223	ETV3	-7.221884323	0.000263139	-11.10079979	-3.34296886	-0.680756941	0.030244028
rs2227277	NCOR2pS2223	KAT2A	-5.579449798	0.000173736	-8.492147517	-2.666752079	-0.742622551	0.021905596
rs2295875	TACC2pS2512	ELF3	1.097817665	7.77E-05	0.553296637	1.642338694	0.853567288	0.007012878
rs2295875	TACC2pS2512	KRT15	1.495533929	9.54E-06	0.833477794	2.157590065	0.622990328	0.040604812
rs2295875	TACC2pS2512	PLCH1	0.71907348	6.01E-05	0.36783149	1.070315469	0.91072638	9.75E-05
rs2295875	TACC2pS2512	RPL36AL	-1.56607688	1.09E-05	-2.264057229	-0.868096531	-0.79793286	0.003247335
rs4751	NADKpS48	ARNT	1.35113757	0.000417442	0.600690385	2.101584755	0.753202015	0.019127568
rs4751	NADKpS48	CCDC88A	-2.22091264	0.000111544	-3.347441266	-1.094384015	-0.56839898	0.017281635
rs4751	NADKpS48	S100P	3.582438328	4.84E-05	1.854357615	5.310519041	0.598223087	0.014368815
rs2240717	ARVCFpS267	CYP2J2	9.356212799	9.72E-05	4.651064297	14.0613613	0.775186218	0.023831736
rs2240717	ARVCFpS267	SAP30	5.24219878	0.000183037	2.495989229	7.98840833	0.623353588	0.022830633
